,epoch,d_loss_real,d_loss_total,g_loss
0,1,0.7759048938751221,1.6427788734436035,0.6660233736038208
1,2,0.03562665730714798,2.671387195587158,0.15677139163017273
2,3,1.7180382013320923,3.7752695083618164,0.9209405183792114
3,4,0.27762463688850403,0.693374514579773,1.3856178522109985
4,5,0.8263489007949829,1.3241801261901855,1.5252232551574707
5,6,1.259476661682129,1.5341063737869263,1.54355788230896
6,7,0.7325056195259094,1.1809953451156616,1.6801750659942627
7,8,0.5450472831726074,1.0600491762161255,1.0188992023468018
8,9,0.771136999130249,1.2583951950073242,1.037503719329834
9,10,1.639818549156189,2.7326889038085938,0.42795225977897644
10,11,0.6517807245254517,1.2656406164169312,0.871273398399353
11,12,0.7021489143371582,0.941506028175354,2.5068604946136475
12,13,0.16030468046665192,0.3347999155521393,1.9408587217330933
13,14,0.5041854381561279,0.8837790489196777,1.3707306385040283
14,15,4.143169403076172,4.168421268463135,3.8091135025024414
15,16,0.5235016942024231,1.2507236003875732,0.7514076232910156
16,17,1.0879230499267578,1.103468656539917,4.344759941101074
17,18,2.7874131202697754,2.7900354862213135,8.058969497680664
18,19,0.8941999673843384,1.2785214185714722,2.300778865814209
19,20,3.7821812629699707,4.115129470825195,2.7887954711914062
20,21,2.6287946701049805,2.7739627361297607,3.3004212379455566
21,22,0.20034873485565186,1.1512620449066162,0.5679570436477661
22,23,0.45320332050323486,1.5290895700454712,0.4362691044807434
23,24,0.4671364426612854,1.5842642784118652,0.39902615547180176
24,25,0.9242274761199951,1.3907437324523926,1.0046124458312988
25,26,0.6881958842277527,1.2050721645355225,1.006636142730713
26,27,0.8346399068832397,1.2109419107437134,1.8706926107406616
27,28,3.097822666168213,3.220595121383667,2.778031826019287
28,29,0.4091314673423767,0.9498075246810913,0.9262208938598633
29,30,0.7581859827041626,1.247817039489746,1.0164767503738403
30,31,0.6202405691146851,1.0588868856430054,1.3609535694122314
31,32,0.7250484228134155,1.1981072425842285,1.7402234077453613
32,33,0.3529179096221924,0.7443652153015137,1.4274663925170898
33,34,0.5605230331420898,0.7324612140655518,2.679847478866577
34,35,0.5801833271980286,0.8747928142547607,1.8935950994491577
35,36,0.42691099643707275,1.0619933605194092,1.407315969467163
36,37,0.47718504071235657,1.1187803745269775,0.9274816513061523
37,38,0.8842771649360657,1.2247576713562012,1.4498138427734375
38,39,0.39065033197402954,1.0346741676330566,1.3076246976852417
39,40,0.30756279826164246,0.689507007598877,2.154679298400879
40,41,1.1376702785491943,1.5874102115631104,1.6182632446289062
41,42,0.727592945098877,1.1928404569625854,1.3597290515899658
42,43,0.5821136236190796,1.2305126190185547,1.4590976238250732
43,44,1.007047414779663,1.2414522171020508,1.9157439470291138
44,45,0.7623858451843262,1.390317440032959,0.8727155923843384
45,46,1.0684010982513428,1.5688512325286865,1.0377649068832397
46,47,0.6658234000205994,1.0341706275939941,1.7538875341415405
47,48,1.2577967643737793,2.035123348236084,1.8635306358337402
48,49,0.6957265138626099,1.0485488176345825,1.2337833642959595
49,50,0.773328423500061,1.232339859008789,2.119889736175537
50,51,1.158888339996338,1.7152962684631348,0.9144428968429565
51,52,0.5297773480415344,1.2525360584259033,0.7159654498100281
52,53,0.61715167760849,1.081714153289795,1.0411230325698853
53,54,0.4847910404205322,0.8829162120819092,1.2609062194824219
54,55,2.887455940246582,3.3951308727264404,1.0816421508789062
55,56,2.1031107902526855,2.2015907764434814,3.6890652179718018
56,57,0.5452325344085693,1.0576024055480957,1.3220980167388916
57,58,0.8729746341705322,1.8399968147277832,0.524420976638794
58,59,0.7219593524932861,1.2703742980957031,1.1781561374664307
59,60,0.5936800241470337,1.225170612335205,0.7863662838935852
60,61,0.6054337024688721,1.3020514249801636,0.8671726584434509
61,62,0.6493300199508667,1.3258001804351807,1.169020414352417
62,63,0.9860409498214722,1.4794847965240479,0.952822208404541
63,64,0.47537481784820557,1.1585644483566284,0.943039059638977
64,65,0.5304672718048096,1.0324840545654297,1.0057122707366943
65,66,0.7603902220726013,1.4232852458953857,1.3769853115081787
66,67,0.7245290279388428,0.9383836388587952,3.5162672996520996
67,68,0.47214165329933167,0.8120390772819519,2.95443058013916
68,69,0.48660850524902344,1.0670123100280762,0.899050772190094
69,70,0.462988018989563,1.9932307004928589,1.5218645334243774
70,71,1.0648421049118042,1.4860832691192627,1.4353073835372925
71,72,0.46953320503234863,0.7665287256240845,2.828524351119995
72,73,0.5738073587417603,1.0549362897872925,2.154978036880493
73,74,1.2132750749588013,1.394394040107727,2.4477267265319824
74,75,0.501790463924408,0.9001567959785461,2.130133628845215
75,76,0.8620157241821289,1.139983892440796,1.6855107545852661
76,77,0.4297404885292053,1.0665061473846436,1.188798427581787
77,78,0.5690174102783203,1.250726342201233,1.8326497077941895
78,79,0.4668910801410675,0.5181336998939514,3.607111930847168
79,80,0.755518913269043,1.0733346939086914,1.5623420476913452
80,81,0.7366428971290588,1.666892647743225,1.406489610671997
81,82,0.5245885848999023,0.5908889770507812,3.745655059814453
82,83,0.36209529638290405,0.6000802516937256,2.400448799133301
83,84,0.3188779056072235,0.4015122652053833,4.124587535858154
84,85,0.6313971877098083,1.127835988998413,2.2975010871887207
85,86,0.5261227488517761,0.890200138092041,1.7578990459442139
86,87,1.0605195760726929,1.1777604818344116,2.8746185302734375
87,88,0.20720155537128448,0.551109254360199,1.916111946105957
88,89,0.2479381412267685,0.9530375003814697,3.3007287979125977
89,90,0.4558660387992859,0.5986498594284058,2.9687604904174805
90,91,0.4853965938091278,0.9028427600860596,3.937471628189087
91,92,0.4890604615211487,0.7236840128898621,5.820520401000977
92,93,0.3837267756462097,0.48736608028411865,3.5196373462677
93,94,0.7616695165634155,0.9235341548919678,2.3969273567199707
94,95,0.9119234681129456,1.0909395217895508,2.2902472019195557
95,96,0.7503218650817871,1.953238606452942,0.844788670539856
96,97,0.2848270535469055,0.4696989953517914,2.9744579792022705
97,98,1.4571900367736816,1.6207890510559082,2.4277942180633545
98,99,0.5783286094665527,0.895724356174469,2.226236581802368
99,100,0.360363245010376,0.38207027316093445,4.690402984619141
100,101,0.584413468837738,0.9340206384658813,1.8417181968688965
101,102,0.3613540232181549,0.6828752756118774,1.5814226865768433
102,103,0.36105743050575256,0.433066725730896,2.95845103263855
103,104,1.0312168598175049,1.1111966371536255,3.028165817260742
104,105,0.13955603539943695,1.8402187824249268,0.5014655590057373
105,106,0.42878884077072144,0.6676000952720642,3.5430638790130615
106,107,0.4931061863899231,1.6382839679718018,5.300619602203369
107,108,0.925091028213501,1.780022382736206,0.8527719974517822
108,109,0.5377576351165771,0.7771903276443481,1.6664111614227295
109,110,0.4366950988769531,0.9175951480865479,2.3977878093719482
110,111,0.4383952021598816,0.83061283826828,2.6570448875427246
111,112,0.6622729301452637,1.502866506576538,3.459745407104492
112,113,1.012919545173645,1.1767827272415161,2.739771842956543
113,114,0.20000675320625305,1.1337536573410034,1.3199248313903809
114,115,0.21490119397640228,0.4554275870323181,3.2632434368133545
115,116,0.645269513130188,0.753107488155365,3.6458654403686523
116,117,0.045214999467134476,0.8085284233093262,0.9328931570053101
117,118,0.11151154339313507,0.2149938941001892,3.405745267868042
118,119,0.3353935778141022,0.9003419876098633,4.504691123962402
119,120,0.04967285692691803,0.25063687562942505,3.3720996379852295
120,121,0.002857035957276821,0.0839448794722557,3.073518991470337
121,122,0.011136195622384548,0.024660971015691757,4.984990119934082
122,123,0.139344722032547,0.14023184776306152,8.253297805786133
123,124,0.33505189418792725,0.3522544503211975,4.649359703063965
124,125,0.6077219247817993,0.9408402442932129,2.7768301963806152
125,126,0.6965022087097168,0.8345944881439209,2.2066564559936523
126,127,1.1246075630187988,2.0028491020202637,1.5750164985656738
127,128,0.28569066524505615,0.3332134783267975,4.924468994140625
128,129,0.17971068620681763,0.24417725205421448,4.582406044006348
129,130,0.5144827961921692,0.8656079769134521,1.9343810081481934
130,131,0.6065569519996643,0.7511277198791504,3.4688191413879395
131,132,0.46134495735168457,0.7244652509689331,3.166393756866455
132,133,0.950528085231781,1.1105488538742065,3.325364589691162
133,134,0.19242988526821136,0.599270761013031,11.422150611877441
134,135,0.04172937572002411,0.31491225957870483,2.72900390625
135,136,0.5488171577453613,0.8438997268676758,5.030554294586182
136,137,0.843454897403717,0.9252141118049622,11.014032363891602
137,138,0.786217212677002,0.9508315324783325,3.075526237487793
138,139,0.2904399633407593,0.5308565497398376,2.7886037826538086
139,140,0.3440662622451782,1.0053737163543701,1.635866403579712
140,141,0.1664973944425583,0.421184241771698,6.863203525543213
141,142,0.14155694842338562,0.15597401559352875,4.404706001281738
142,143,0.2516387104988098,0.5895917415618896,3.673607587814331
143,144,3.2854390144348145,3.4197769165039062,3.3829193115234375
144,145,0.9223681688308716,1.2375823259353638,2.8600378036499023
145,146,0.8493306636810303,1.0945733785629272,4.023752689361572
146,147,0.06386613100767136,0.0665927529335022,7.392353057861328
147,148,0.5920926928520203,0.9536563158035278,8.501117706298828
148,149,0.91220623254776,1.6026768684387207,2.3819751739501953
149,150,0.2737876772880554,0.2941783368587494,7.938846111297607
150,151,0.05470198020339012,0.17016702890396118,7.118885517120361
151,152,0.04728253185749054,0.8653884530067444,4.392094612121582
152,153,0.07276928424835205,0.15895506739616394,3.4402339458465576
153,154,0.45453783869743347,0.4736202657222748,6.101703643798828
154,155,0.1345980167388916,0.16143523156642914,3.9893648624420166
155,156,0.02909366600215435,0.053667038679122925,9.866964340209961
156,157,0.21172115206718445,0.3255525827407837,12.129380226135254
157,158,0.17947258055210114,0.9511480331420898,6.806182861328125
158,159,0.056681398302316666,0.33906492590904236,1.4489372968673706
159,160,0.39790424704551697,0.40550270676612854,5.214433193206787
160,161,1.0714006423950195,1.2637418508529663,3.55098295211792
161,162,0.3075571656227112,0.5083751082420349,2.758824348449707
162,163,0.04524955525994301,0.16623303294181824,4.964677810668945
163,164,0.03407653421163559,0.07508069276809692,6.906580448150635
164,165,0.6103215217590332,0.6816436648368835,5.256210803985596
165,166,0.03385288268327713,0.1585080474615097,11.858617782592773
166,167,0.530695378780365,0.5364757776260376,6.649957180023193
167,168,0.280557245016098,0.28632330894470215,7.068182945251465
168,169,0.0013844188069924712,0.3177550435066223,7.518246650695801
169,170,0.16586783528327942,0.18113678693771362,5.0053606033325195
170,171,0.04210062697529793,0.04652842506766319,7.589696407318115
171,172,0.052840862423181534,0.16881145536899567,7.6632080078125
172,173,0.27742069959640503,0.29394739866256714,7.149160861968994
173,174,0.16466359794139862,0.23229889571666718,3.094635486602783
174,175,0.019948752596974373,0.03727830573916435,10.911827087402344
175,176,0.08219040185213089,0.3016318380832672,5.735527515411377
176,177,0.68924480676651,0.6942669153213501,8.51848030090332
177,178,0.35542911291122437,0.43745511770248413,2.9474668502807617
178,179,0.16450229287147522,0.21415600180625916,3.4754300117492676
179,180,0.5548688769340515,0.5999621748924255,5.6742401123046875
180,181,0.2521813213825226,1.3937487602233887,7.941570281982422
181,182,0.05243163928389549,0.07046334445476532,7.974937915802002
182,183,0.17414110898971558,0.5089998245239258,4.096427917480469
183,184,0.09426725655794144,0.3128194212913513,7.047309875488281
184,185,0.0020712106488645077,0.024497153237462044,6.903630256652832
185,186,0.11468576639890671,0.5869058966636658,4.1544904708862305
186,187,0.24024708569049835,0.2823818624019623,5.462993621826172
187,188,0.00021330044546630234,0.029674457386136055,3.956418991088867
188,189,0.24931639432907104,0.8350372314453125,4.712314605712891
189,190,0.502752959728241,1.6618154048919678,5.743906021118164
190,191,0.6970393061637878,0.7702345848083496,10.02779769897461
191,192,0.03670022264122963,0.29037633538246155,3.2478106021881104
192,193,0.34129664301872253,0.34415462613105774,7.191153526306152
193,194,1.177939534187317,1.1859381198883057,5.27225399017334
194,195,0.09543375670909882,0.09717871993780136,13.19802188873291
195,196,0.47452491521835327,0.4748576283454895,10.814826965332031
196,197,0.043173883110284805,0.06110342592000961,8.950333595275879
197,198,0.36849910020828247,0.37561649084091187,12.101876258850098
198,199,0.13543175160884857,0.2506667375564575,8.811456680297852
199,200,0.02001175843179226,0.034619297832250595,11.206446647644043
200,201,0.3401758372783661,0.3517746925354004,10.341241836547852
201,202,0.3686823844909668,0.45513916015625,3.5885009765625
202,203,0.047495998442173004,0.09178164601325989,9.842628479003906
203,204,1.5758581161499023,1.6244287490844727,13.985461235046387
204,205,0.6257218718528748,0.7894615530967712,9.884541511535645
205,206,0.19465631246566772,0.20351842045783997,11.389772415161133
206,207,0.03566459193825722,0.06606769561767578,5.11087703704834
207,208,0.001764011336490512,0.014877866953611374,8.451582908630371
208,209,0.17874257266521454,0.21797628700733185,5.367351055145264
209,210,0.9392791986465454,2.003877639770508,5.203812122344971
210,211,0.015041178092360497,0.015535203740000725,11.61428451538086
211,212,1.1961666345596313,1.2085343599319458,6.0495805740356445
212,213,0.0034227583091706038,0.11351232975721359,4.134729385375977
213,214,0.09511807560920715,0.1915966272354126,6.76409387588501
214,215,0.40190327167510986,0.4226885735988617,6.249747276306152
215,216,0.10009220242500305,0.508234977722168,5.632203102111816
216,217,0.04553248733282089,0.05891413986682892,10.05642032623291
217,218,0.12868434190750122,0.14045439660549164,5.475711822509766
218,219,0.43401652574539185,0.4751175343990326,4.8419508934021
219,220,0.3598578870296478,0.7408899068832397,14.134610176086426
220,221,0.38229283690452576,0.38541191816329956,7.703373432159424
221,222,0.0356387123465538,0.06295667588710785,8.12847900390625
222,223,0.10222473740577698,0.10356339067220688,9.19755744934082
223,224,0.0014358722837641835,0.011072325520217419,10.59914779663086
224,225,0.38417869806289673,0.3856121599674225,13.465051651000977
225,226,1.069531798362732,1.069868803024292,13.62149715423584
226,227,0.2978106141090393,0.3609551191329956,4.811306953430176
227,228,0.3656473457813263,0.4712100028991699,3.952399730682373
228,229,0.058934878557920456,0.12151823937892914,3.89064359664917
229,230,0.051815371960401535,0.09095863997936249,10.047459602355957
230,231,0.20276331901550293,0.2027633935213089,18.664958953857422
231,232,0.012243879027664661,0.026168249547481537,15.162856101989746
232,233,0.012005333788692951,0.016162429004907608,12.334297180175781
233,234,0.0032770861871540546,0.1253463327884674,4.492257118225098
234,235,0.006819002330303192,0.04023134335875511,12.025369644165039
235,236,0.025482604280114174,0.041192442178726196,7.363944053649902
236,237,0.003916099201887846,0.006249267607927322,9.836904525756836
237,238,0.36032119393348694,0.36033374071121216,14.084431648254395
238,239,0.0322401337325573,0.03695251792669296,8.31769847869873
239,240,0.050742730498313904,0.22847726941108704,12.855021476745605
240,241,0.0009282800019718707,0.010780616663396358,14.388128280639648
241,242,0.4040866196155548,0.40602031350135803,9.945484161376953
242,243,0.21670085191726685,0.25334057211875916,9.615005493164062
243,244,0.07489517331123352,0.40754982829093933,3.87882137298584
244,245,0.08876305818557739,0.10264860838651657,8.234844207763672
245,246,0.00101543462369591,0.15476951003074646,13.531131744384766
246,247,0.0031974364537745714,1.402789831161499,5.772819519042969
247,248,0.5835100412368774,0.5864832401275635,7.946806907653809
248,249,4.244205047143623e-05,0.08022245764732361,11.59841537475586
249,250,0.018873976543545723,0.023076925426721573,8.037315368652344
250,251,0.3275783658027649,1.8251183032989502,13.81299877166748
251,252,0.07052455842494965,0.09365804493427277,4.222940444946289
252,253,0.10458051413297653,0.40198585391044617,6.765535354614258
253,254,0.009863940067589283,0.5323837995529175,2.5713143348693848
254,255,0.006866570562124252,0.00980058778077364,13.292438507080078
255,256,0.0027664818335324526,0.005193842574954033,10.338241577148438
256,257,0.45742273330688477,0.4722430408000946,9.394468307495117
257,258,0.05780564248561859,0.08574569225311279,7.515920639038086
258,259,0.003097234759479761,0.019764626398682594,11.498798370361328
259,260,0.042549844831228256,0.051347196102142334,5.933581829071045
260,261,0.027034955099225044,0.029132312163710594,12.56655502319336
261,262,0.004217872396111488,0.01325730886310339,15.77932357788086
262,263,0.41598597168922424,0.4160257875919342,16.457387924194336
263,264,1.8562875986099243,2.008808135986328,9.134801864624023
264,265,0.004304600413888693,0.03856242448091507,6.315524578094482
265,266,0.15799112617969513,0.46603280305862427,11.003280639648438
266,267,0.1288433074951172,0.17140242457389832,5.578974723815918
267,268,0.479557603597641,0.48259100317955017,7.833717346191406
268,269,0.002273589838296175,0.005367775447666645,9.010406494140625
269,270,0.49501073360443115,0.5160728096961975,5.566808700561523
270,271,0.00033652462298050523,0.015333742834627628,5.276149749755859
271,272,0.043370407074689865,0.04585128650069237,9.971567153930664
272,273,0.14522738754749298,0.14915424585342407,6.907192230224609
273,274,0.0223495252430439,0.12882207334041595,4.248018264770508
274,275,0.04608563706278801,0.08429388701915741,5.0326690673828125
275,276,0.31380677223205566,0.38397082686424255,6.600311279296875
276,277,0.0067640263587236404,1.2058862447738647,16.38857650756836
277,278,0.0007976552587933838,0.0875307098031044,4.928427219390869
278,279,0.08748652786016464,0.09806463122367859,6.194905757904053
279,280,0.005618903785943985,0.008378652855753899,6.793153762817383
280,281,0.0018292450113222003,0.4499419033527374,2.1547253131866455
281,282,0.8800967931747437,0.8976813554763794,5.3919219970703125
282,283,0.026806294918060303,0.16796477138996124,5.351345062255859
283,284,0.3572293221950531,0.35758674144744873,9.810522079467773
284,285,0.00010804148769238964,0.005117292050272226,13.31668758392334
285,286,1.0936487913131714,1.0986169576644897,9.225329399108887
286,287,0.36426860094070435,0.3687107264995575,10.874496459960938
287,288,0.8940457105636597,0.8997541069984436,8.908964157104492
288,289,0.18135231733322144,2.6498210430145264,9.046303749084473
289,290,0.02504778280854225,0.1950366199016571,4.737167835235596
290,291,0.19124475121498108,0.39415499567985535,4.90077018737793
291,292,0.0026722424663603306,0.05641809478402138,3.7205748558044434
292,293,0.0024966802448034286,0.002830147510394454,14.590276718139648
293,294,0.007298908196389675,0.031106319278478622,7.022478103637695
294,295,0.027282141149044037,0.036573827266693115,8.926200866699219
295,296,0.00298928190022707,0.005592369474470615,10.746345520019531
296,297,0.21929003298282623,0.22344982624053955,12.935018539428711
297,298,0.0004877367755398154,0.0028048716485500336,9.87845516204834
298,299,0.1416967362165451,0.15642103552818298,12.93264389038086
299,300,0.03328730911016464,1.0342156887054443,11.516522407531738
300,301,0.283200740814209,0.2967524528503418,13.385763168334961
301,302,0.07047774642705917,0.1155540719628334,8.15379524230957
302,303,1.39866304397583,1.8649744987487793,1.85964035987854
303,304,0.041588231921195984,1.441637635231018,4.097837924957275
304,305,0.07600642740726471,0.08634244650602341,11.132223129272461
305,306,1.7578085660934448,1.7941100597381592,12.089616775512695
306,307,0.0778108462691307,0.18178686499595642,10.005582809448242
307,308,0.2534344792366028,0.2734491229057312,8.031373023986816
308,309,0.043077390640974045,0.0730777382850647,5.023738861083984
309,310,0.2093958854675293,0.2239251434803009,4.918500900268555
310,311,0.21413399279117584,0.2418127954006195,8.801641464233398
311,312,0.08273246139287949,0.08626288920640945,6.972935199737549
312,313,0.032124608755111694,0.21177242696285248,10.434076309204102
313,314,0.0012000796850770712,0.0025428624358028173,14.290624618530273
314,315,0.0019594545010477304,0.049047473818063736,5.030794620513916
315,316,0.008699869737029076,0.09444661438465118,11.259781837463379
316,317,0.093699611723423,0.09610853344202042,7.957578182220459
317,318,0.06707261502742767,0.17511016130447388,7.371363639831543
318,319,0.24224194884300232,0.24231593310832977,12.619806289672852
319,320,0.5169798135757446,0.5182439684867859,10.542116165161133
320,321,0.008378013037145138,1.0430103540420532,8.411614418029785
321,322,0.37230467796325684,0.45236995816230774,13.003057479858398
322,323,0.005043805576860905,0.01693841442465782,9.768499374389648
323,324,7.063249540806282e-06,0.029844097793102264,8.756484031677246
324,325,0.005149243399500847,0.007743517868220806,12.701452255249023
325,326,0.007526962086558342,0.022845827043056488,9.375003814697266
326,327,0.006231680978089571,0.008706974796950817,12.322799682617188
327,328,0.4245353639125824,0.4269353449344635,6.586629867553711
328,329,7.577756332466379e-05,0.00027333470643498003,10.34431266784668
329,330,0.06279005855321884,0.1093461886048317,7.109403610229492
330,331,0.022635554894804955,0.1575300395488739,5.272799015045166
331,332,0.014048697426915169,0.014751888811588287,7.801758766174316
332,333,0.18261556327342987,0.33414918184280396,4.394133567810059
333,334,0.07580453902482986,0.877349853515625,7.620732307434082
334,335,0.10115887224674225,0.43128108978271484,5.397775650024414
335,336,0.08168366551399231,0.18194636702537537,5.782326698303223
336,337,0.09249089658260345,0.1029273197054863,7.3363518714904785
337,338,0.025285685434937477,0.02799847722053528,7.660640716552734
338,339,0.042064644396305084,0.04475616663694382,17.149824142456055
339,340,0.00015604450891260058,0.014099758118391037,13.049198150634766
340,341,0.016100360080599785,0.017613345757126808,9.972139358520508
341,342,0.0024941882584244013,0.0028746030293405056,10.11284351348877
342,343,0.5917319059371948,0.5918761491775513,16.336734771728516
343,344,0.5815079212188721,0.588379979133606,10.588911056518555
344,345,2.0892222892143764e-05,0.0018949431832879782,19.30959129333496
345,346,0.0028035538271069527,0.006543455179780722,23.711681365966797
346,347,0.676175057888031,0.8056096434593201,5.795890808105469
347,348,0.00033035443630069494,0.6393685936927795,6.50365686416626
348,349,1.654079824220389e-05,0.14488288760185242,2.678943634033203
349,350,0.00016302603762596846,0.02944735810160637,9.224884033203125
350,351,0.00017972680507227778,0.18540634214878082,3.3308775424957275
351,352,0.0017029214650392532,0.010549047961831093,7.08799934387207
352,353,0.008478888310492039,0.046622857451438904,6.069733619689941
353,354,0.22555819153785706,0.22647786140441895,8.800728797912598
354,355,0.007666978985071182,0.007816639728844166,9.09799575805664
355,356,0.005158017855137587,0.005404200404882431,18.401052474975586
356,357,1.7583923181518912e-05,0.0016783172031864524,7.990193843841553
357,358,0.12758126854896545,3.5038259029388428,5.67579984664917
358,359,0.007227703463286161,0.6793960928916931,2.9704859256744385
359,360,0.002289328258484602,0.003015969879925251,21.24049949645996
360,361,0.35258209705352783,0.39813777804374695,15.819219589233398
361,362,2.666761875152588,2.6673715114593506,12.588590621948242
362,363,1.2605489492416382,1.2612189054489136,15.443384170532227
363,364,0.17565743625164032,0.2550618648529053,9.629688262939453
364,365,3.0069522857666016,3.0075764656066895,10.31881046295166
365,366,0.5060017108917236,0.798915445804596,3.5526859760284424
366,367,0.10915546119213104,0.3470548987388611,3.1032392978668213
367,368,0.17514356970787048,0.21048089861869812,5.637102127075195
368,369,0.09244789928197861,0.1380315124988556,14.936202049255371
369,370,0.00029186339816078544,0.010184735991060734,10.476407051086426
370,371,0.17764264345169067,0.47631895542144775,4.441440582275391
371,372,0.04004675894975662,0.05103487893939018,8.414277076721191
372,373,0.2975413501262665,0.3195621073246002,7.8584885597229
373,374,4.543762406683527e-05,0.002046366920694709,12.051548957824707
374,375,0.00044622583664022386,0.02599271759390831,9.525177955627441
375,376,0.08885051310062408,0.09131595492362976,16.003725051879883
376,377,0.31987738609313965,0.32176488637924194,7.245755672454834
377,378,2.9802411063428735e-06,0.03006504848599434,5.913821220397949
378,379,0.12057792395353317,0.1402883678674698,6.246194839477539
379,380,0.7534470558166504,0.7548406720161438,9.407526016235352
380,381,0.000209384728805162,0.0009230722789652646,11.905673027038574
381,382,0.3929733335971832,0.4011201560497284,5.491913318634033
382,383,0.00024568455410189927,0.09399889409542084,5.4692182540893555
383,384,0.0018841654527932405,0.013405289500951767,6.917620658874512
384,385,1.320844292640686,1.878982424736023,8.115509033203125
385,386,1.3959834575653076,1.4016727209091187,7.07188606262207
386,387,1.5199224208117812e-06,0.16996170580387115,7.098731517791748
387,388,1.537825846753549e-05,1.8893903493881226,3.8448941707611084
388,389,0.25495320558547974,0.2561176121234894,7.107274055480957
389,390,0.07828949391841888,0.0826495811343193,6.837097644805908
390,391,0.21727028489112854,0.26110363006591797,6.942245960235596
391,392,0.0016510633286088705,0.07407999783754349,5.469091415405273
392,393,0.004929033108055592,0.013303018175065517,7.229887962341309
393,394,0.016923153772950172,0.022064121440052986,8.38653564453125
394,395,0.0,0.00047289551002904773,12.17372989654541
395,396,0.024638457223773003,0.025233151391148567,11.316801071166992
396,397,0.08504879474639893,0.14587107300758362,7.976597309112549
397,398,4.440585598786129e-06,0.0032348106615245342,10.13094711303711
398,399,0.051637567579746246,0.052421506494283676,9.093523025512695
399,400,0.0006640642532147467,0.005249580834060907,9.65011978149414
400,401,0.0037878532893955708,0.017281293869018555,10.300374984741211
401,402,0.2849504351615906,0.2850213646888733,19.13038444519043
402,403,3.188861683156574e-06,0.020102644339203835,8.469472885131836
403,404,6.318167834251653e-06,0.016598107293248177,9.010581016540527
404,405,0.12663030624389648,0.14681774377822876,10.604948043823242
405,406,1.3452496528625488,1.3691084384918213,13.682698249816895
406,407,1.2148621082305908,1.2891801595687866,8.631621360778809
407,408,0.013133913278579712,0.02540641278028488,15.826263427734375
408,409,0.006445738952606916,0.044069621711969376,3.822629928588867
409,410,0.003933659754693508,0.052009668201208115,8.872886657714844
410,411,0.135942280292511,0.8376860022544861,6.533530235290527
411,412,0.30728012323379517,0.30745911598205566,18.08526611328125
412,413,0.004015233367681503,0.0040152366273105145,20.136714935302734
413,414,0.0197564959526062,0.09596766531467438,6.999594211578369
414,415,0.0023889015428721905,0.018850376829504967,6.982200622558594
415,416,4.393605709075928,4.438324451446533,12.159378051757812
416,417,0.26985207200050354,25.33286476135254,2.129525899887085
417,418,0.009252844378352165,1.3672986030578613,14.785667419433594
418,419,0.5207070112228394,0.6403290629386902,14.450481414794922
419,420,0.10613718628883362,0.1764853596687317,4.966762542724609
420,421,0.010554537177085876,0.013182900846004486,9.338005065917969
421,422,1.0613592863082886,1.0627648830413818,18.065563201904297
422,423,0.1944589912891388,0.5217670202255249,6.244701385498047
423,424,0.024160893633961678,0.02876984514296055,7.921627521514893
424,425,0.03515620902180672,0.039685651659965515,8.035439491271973
425,426,0.05383696407079697,0.15324130654335022,5.553295135498047
426,427,0.0016892049461603165,0.013475637882947922,9.395132064819336
427,428,0.0015151439001783729,0.06868121027946472,6.561561584472656
428,429,0.07152136415243149,0.1043892651796341,6.41961669921875
429,430,6.347941052808892e-06,0.3022708594799042,2.3091447353363037
430,431,0.006890539545565844,0.16941431164741516,4.609081745147705
431,432,0.01650657132267952,0.029449375346302986,5.205252170562744
432,433,4.029561750940047e-05,0.05458620563149452,4.613568305969238
433,434,0.041034433990716934,0.041678693145513535,10.096826553344727
434,435,0.0028933659195899963,0.0068810167722404,7.546186447143555
435,436,0.01679248735308647,0.017112325876951218,15.178447723388672
436,437,0.01926567777991295,0.13431723415851593,9.075418472290039
437,438,0.0007047033286653459,0.07506728172302246,12.64710521697998
438,439,0.2610747516155243,1.2231719493865967,4.026256084442139
439,440,0.10607664287090302,0.11292488127946854,6.106450080871582
440,441,0.0002943896979559213,0.0030564782209694386,8.767252922058105
441,442,0.384310781955719,0.4683085083961487,4.81593656539917
442,443,0.019087430089712143,0.021161720156669617,10.100666046142578
443,444,0.0005569095956161618,0.6193752288818359,3.1746737957000732
444,445,3.780458688735962,3.7836172580718994,13.719289779663086
445,446,0.6452769637107849,0.6587824821472168,7.132909774780273
446,447,0.2964228093624115,0.3178543150424957,4.090275764465332
447,448,8.056746446527541e-05,0.052860621362924576,4.602593421936035
448,449,3.218662641302217e-06,0.3106347322463989,5.5490570068359375
449,450,0.0004053094598930329,0.048507507890462875,11.2142915725708
450,451,1.0861608982086182,1.1082881689071655,7.6043291091918945
451,452,0.12349577993154526,0.14230968058109283,8.091468811035156
452,453,0.9225078225135803,0.9274601936340332,8.866790771484375
453,454,0.0050071594305336475,0.013175390660762787,12.029224395751953
454,455,0.000912325456738472,0.050406888127326965,7.098505020141602
455,456,0.1602446436882019,0.1856079250574112,5.2500810623168945
456,457,4.828016244573519e-06,0.46191468834877014,7.187908172607422
457,458,0.1181187853217125,0.1272498518228531,8.19046401977539
458,459,0.06903434544801712,0.3273625671863556,6.477667331695557
459,460,0.003960903268307447,0.08026678115129471,6.767413139343262
460,461,0.012451171875,0.013844946399331093,11.249856948852539
461,462,0.039700593799352646,0.043386079370975494,23.191997528076172
462,463,0.0036822594702243805,0.007649966981261969,8.939346313476562
463,464,0.09098169207572937,0.09865465760231018,10.920520782470703
464,465,0.0,0.030086303129792213,6.958128452301025
465,466,5.960465188081798e-08,0.036770425736904144,10.309041023254395
466,467,0.0007005598745308816,0.02826174907386303,16.233909606933594
467,468,0.0028719529509544373,0.003697694046422839,13.388545989990234
468,469,6.044307883712463e-05,0.00247812713496387,9.695313453674316
469,470,0.029171796515583992,0.02941756881773472,9.991701126098633
470,471,0.0003491358947940171,0.1679730862379074,13.048147201538086
471,472,0.7098315954208374,0.7112743258476257,13.27720832824707
472,473,0.02731122076511383,0.029507240280508995,7.759951114654541
473,474,0.013965788297355175,3.5769245624542236,4.269078254699707
474,475,0.029853418469429016,0.4247931241989136,6.00928258895874
475,476,4.896881728200242e-05,0.027188319712877274,10.759371757507324
476,477,0.026647362858057022,0.029301192611455917,25.01388931274414
477,478,0.0008814313914626837,0.02282712049782276,5.7887420654296875
478,479,0.00034170332946814597,0.013156774453818798,5.204392433166504
479,480,0.0021599908359348774,0.032261356711387634,7.606141090393066
480,481,0.00033180677564814687,0.004607116337865591,6.90475606918335
481,482,0.08621194213628769,0.08629479259252548,10.549762725830078
482,483,0.008115144446492195,0.013870404101908207,7.1839141845703125
483,484,0.021677987650036812,0.04355275630950928,5.669567584991455
484,485,0.009757690131664276,0.016091004014015198,6.185548305511475
485,486,0.0008889823802746832,0.02897346392273903,7.50629997253418
486,487,0.0005853248294442892,0.0096159428358078,7.055858612060547
487,488,0.6496772766113281,0.7250494956970215,4.35439920425415
488,489,0.13480958342552185,0.14748314023017883,5.424142837524414
489,490,0.02849356271326542,0.02876620925962925,12.73363208770752
490,491,1.4084523916244507,1.422835111618042,11.059514999389648
491,492,0.1390293836593628,0.2632240951061249,8.891347885131836
492,493,3.53468167304527e-05,0.001637762994505465,9.506477355957031
493,494,2.6822095833267667e-07,0.5550161600112915,5.164287090301514
494,495,0.003065265715122223,0.3000814616680145,4.290898323059082
495,496,0.00012209672422613949,0.04967385157942772,5.11666202545166
496,497,6.297652726061642e-05,25.003721237182617,4.533369541168213
497,498,1.3411076906777453e-06,2.344642400741577,4.3440141677856445
498,499,7.922709482954815e-05,0.061538614332675934,3.299851894378662
499,500,7.90178746683523e-05,0.010531186126172543,7.228217601776123
500,501,0.00015888157940935344,1.1392089128494263,5.5890960693359375
501,502,4.4855722080683336e-05,0.04179166629910469,4.377345085144043
502,503,1.1920948281840538e-06,0.017950689420104027,7.490964889526367
503,504,0.0006225580000318587,0.009373871609568596,8.422874450683594
504,505,5.960471867183514e-07,0.0051972586661577225,10.274645805358887
505,506,0.00040576542960479856,0.010669895447790623,8.005355834960938
506,507,0.0,0.06961561739444733,20.421422958374023
507,508,0.008012955076992512,0.008194686844944954,12.789926528930664
508,509,0.0003031708183698356,0.0003705491544678807,11.894861221313477
509,510,0.00030353153124451637,0.0013225817820057273,7.7904462814331055
510,511,0.030305497348308563,0.03234170004725456,11.29272174835205
511,512,0.0025330176576972008,1.8254411220550537,5.0000128746032715
512,513,0.0036182713229209185,0.08299485594034195,6.07825231552124
513,514,0.5280935168266296,0.5294281840324402,13.397868156433105
514,515,0.0008002585964277387,0.3034084439277649,5.7151384353637695
515,516,0.23294810950756073,1.2962857484817505,9.236186027526855
516,517,0.008873633109033108,0.06369304656982422,7.307430267333984
517,518,0.007235970813781023,0.04727679491043091,9.11032485961914
518,519,0.12757430970668793,0.15270546078681946,9.373948097229004
519,520,0.031167756766080856,0.03342127054929733,13.437885284423828
520,521,0.0098640788346529,0.012428702786564827,9.62789249420166
521,522,0.017491387203335762,0.024158921092748642,14.646341323852539
522,523,0.015610799193382263,0.05261893570423126,3.641535520553589
523,524,0.1413499265909195,0.14898478984832764,11.058488845825195
524,525,0.00025562947848811746,0.012598782777786255,15.942970275878906
525,526,0.0011299765901640058,0.011178466491401196,6.234109401702881
526,527,0.0008144337916746736,0.009589841589331627,8.289056777954102
527,528,0.0006030788063071668,0.001729645999148488,8.171575546264648
528,529,0.015149486251175404,0.01982589066028595,11.497042655944824
529,530,0.00027608132222667336,0.0025035145226866007,8.938373565673828
530,531,1.7851947632152587e-05,0.005040074232965708,16.244178771972656
531,532,5.960465188081798e-08,0.00010732313239714131,10.968984603881836
532,533,0.06226148456335068,0.0704369843006134,22.207639694213867
533,534,0.7036681175231934,0.7114105820655823,7.079471111297607
534,535,8.672594049130566e-06,0.09422117471694946,5.529031753540039
535,536,4.619397714122897e-06,2.6956210136413574,4.965224742889404
536,537,0.023305250331759453,0.9477634429931641,5.228037357330322
537,538,0.010115569457411766,0.013790274038910866,8.220809936523438
538,539,0.04928818345069885,0.14024290442466736,6.640676498413086
539,540,0.2753848135471344,0.2853037118911743,6.596538543701172
540,541,0.01759280636906624,0.0428885854780674,13.013696670532227
541,542,0.006327561102807522,0.008727667853236198,6.608173370361328
542,543,0.01273298542946577,0.13993723690509796,8.092912673950195
543,544,0.00013651700282935053,0.15743403136730194,9.434639930725098
544,545,1.3053529983153567e-05,0.00022210560564417392,10.091248512268066
545,546,0.0006837049149908125,0.0014295894652605057,8.046396255493164
546,547,1.8567536244518124e-05,0.0013274416560307145,8.94562816619873
547,548,0.006911140400916338,0.3573564291000366,5.534087181091309
548,549,0.05174214392900467,0.05189170688390732,11.011905670166016
549,550,0.16777215898036957,0.168756365776062,9.454790115356445
550,551,0.6302787065505981,0.6424872279167175,9.445764541625977
551,552,0.00044943447574041784,0.05601927638053894,11.145901679992676
552,553,0.9099825620651245,0.9101868867874146,10.135668754577637
553,554,0.0005302535137161613,0.017188984900712967,14.777959823608398
554,555,1.0937686056422535e-05,1.5685787200927734,2.226069927215576
555,556,0.2415684163570404,0.38991522789001465,3.7102346420288086
556,557,0.03277933970093727,0.39411938190460205,9.63905143737793
557,558,0.002543228678405285,0.005409380421042442,11.26504135131836
558,559,4.934261232847348e-05,0.08776344358921051,7.355377197265625
559,560,0.009751986712217331,0.0822238028049469,21.39667510986328
560,561,0.02068966068327427,0.06106846034526825,6.302394866943359
561,562,0.0006151974084787071,0.0007974893669597805,11.900115966796875
562,563,6.368077447405085e-05,0.03104807622730732,6.013230323791504
563,564,0.027216896414756775,0.030053678900003433,15.27497386932373
564,565,0.009432164952158928,0.15334683656692505,7.011600494384766
565,566,0.2046089768409729,0.2046099156141281,19.55474090576172
566,567,0.019770970568060875,0.2394024133682251,10.740631103515625
567,568,0.04222956672310829,0.06904557347297668,19.45919418334961
568,569,7.560455560451373e-05,0.00014009239384904504,15.396170616149902
569,570,1.3858316378900781e-05,0.24217943847179413,8.934228897094727
570,571,12.8023099899292,12.804008483886719,9.627791404724121
571,572,3.698483943939209,3.707622766494751,8.079654693603516
572,573,0.019357293844223022,0.029893331229686737,6.34930944442749
573,574,0.0004277811385691166,3.2176313400268555,1.9083400964736938
574,575,1.5811628103256226,1.7979059219360352,5.831684112548828
575,576,0.24318435788154602,0.24320439994335175,12.804817199707031
576,577,0.10333362966775894,1.2512736320495605,4.229127407073975
577,578,0.6020520925521851,0.6116613149642944,5.137570381164551
578,579,1.5104906558990479,1.573213815689087,4.145666122436523
579,580,0.048833634704351425,0.49407848715782166,4.570607662200928
580,581,0.002437461633235216,1.4831010103225708,4.291256904602051
581,582,0.057842448353767395,0.07689560949802399,11.293264389038086
582,583,0.000974152353592217,0.0010038468753919005,11.429604530334473
583,584,0.001035459921695292,0.2483992874622345,5.328210353851318
584,585,0.19681960344314575,6.02121639251709,1.1894421577453613
585,586,0.003948243334889412,0.15631413459777832,9.225618362426758
586,587,0.6298900842666626,1.134216070175171,4.557753086090088
587,588,0.018574314191937447,0.16867972910404205,6.278529167175293
588,589,0.040824469178915024,0.13755401968955994,5.85396146774292
589,590,0.006168791092932224,0.07314346730709076,4.127956867218018
590,591,0.024010207504034042,0.05851546674966812,6.299483299255371
591,592,0.0462527871131897,0.06873726844787598,4.823065757751465
592,593,0.030968720093369484,0.08487723767757416,6.24169397354126
593,594,0.0011589397909119725,0.008196095936000347,7.906618118286133
594,595,2.2531223294208758e-05,0.03261918947100639,5.974559783935547
595,596,0.6522356271743774,0.6731211543083191,6.284708499908447
596,597,0.06161730736494064,0.07909075915813446,16.733383178710938
597,598,0.00012626120587810874,0.19745205342769623,13.512663841247559
598,599,0.017686884850263596,0.14918167889118195,7.145389080047607
599,600,0.0010415652068331838,0.03562856838107109,10.798421859741211
600,601,0.027098506689071655,0.03844575211405754,8.382898330688477
601,602,0.014466890133917332,0.034834809601306915,16.181352615356445
602,603,0.03701354190707207,0.03805483877658844,14.960468292236328
603,604,0.0004701677826233208,0.025708718225359917,6.321442604064941
604,605,0.00337283150292933,0.7485840320587158,5.087044715881348
605,606,0.015440087765455246,0.0176914744079113,9.099979400634766
606,607,0.288387268781662,0.31844526529312134,5.754660606384277
607,608,0.039174310863018036,0.05551964044570923,5.3820719718933105
608,609,0.008577875792980194,0.012431963346898556,11.964632034301758
609,610,0.08298415690660477,0.13679298758506775,9.356510162353516
610,611,0.0030460036359727383,0.0054336655884981155,16.511077880859375
611,612,0.13545849919319153,0.13695552945137024,9.817375183105469
612,613,0.07997585833072662,0.07998697459697723,12.183222770690918
613,614,7.312794332392514e-05,0.00037457075086422265,9.652848243713379
614,615,0.011133900843560696,0.04727425426244736,5.971447467803955
615,616,4.646506204153411e-05,0.02220897749066353,8.196076393127441
616,617,0.0036346062552183867,0.011677106842398643,10.19665241241455
617,618,0.0003091900434810668,0.002235193271189928,10.113554000854492
618,619,0.2004249095916748,0.21912863850593567,7.274409770965576
619,620,0.04624927416443825,0.14299149811267853,6.401487350463867
620,621,0.03012658655643463,0.031676847487688065,11.152480125427246
621,622,0.2577851414680481,0.2656968832015991,5.571466445922852
622,623,1.710711876512505e-05,0.0005070549668744206,14.277766227722168
623,624,0.0053921532817184925,1.4175053834915161,5.186092853546143
624,625,0.2925834059715271,0.30217647552490234,15.649737358093262
625,626,0.0002030508330790326,0.0007257189718075097,17.77878761291504
626,627,0.006862543057650328,0.01497461274266243,17.867568969726562
627,628,5.691361366189085e-05,0.007454562932252884,15.919495582580566
628,629,0.0002540569403208792,0.009927368722856045,14.35500717163086
629,630,0.5925331711769104,0.6051833033561707,16.46303939819336
630,631,0.011051695793867111,0.0179812740534544,15.793135643005371
631,632,4.109915244043805e-05,0.02734474651515484,6.4101762771606445
632,633,3.558634489309043e-05,0.011166920885443687,7.217159271240234
633,634,2.2351828192768153e-06,0.05772086977958679,11.813854217529297
634,635,2.1755745365226176e-06,0.0023702040780335665,14.896885871887207
635,636,0.0011972661595791578,0.0016571349697187543,11.97842788696289
636,637,0.00032549051684327424,0.0028805022593587637,11.298725128173828
637,638,7.4208637670380995e-06,0.0013296572724357247,9.697015762329102
638,639,0.007732451893389225,0.009051347151398659,11.843829154968262
639,640,0.029412999749183655,0.030210869386792183,7.227771759033203
640,641,0.0016616831999272108,0.004051912110298872,8.557988166809082
641,642,1.0401226973044686e-05,0.00039045268204063177,11.4102144241333
642,643,0.0008914448553696275,0.002102381084114313,8.84762191772461
643,644,3.6331672163214535e-05,0.006729547865688801,8.133862495422363
644,645,0.0003082267357967794,0.05060028284788132,13.680133819580078
645,646,0.16667413711547852,0.1668533831834793,12.899673461914062
646,647,0.0003879396535921842,0.0030984014738351107,6.908472061157227
647,648,0.03954165801405907,0.039790745824575424,10.803150177001953
648,649,0.014103461056947708,0.015040922909975052,8.813844680786133
649,650,0.26013264060020447,0.2933844327926636,6.443127632141113
650,651,1.210000573337311e-05,0.02306915447115898,6.625673770904541
651,652,1.4812191693636123e-05,0.016928154975175858,5.1924591064453125
652,653,0.0,0.0003930179518647492,11.896732330322266
653,654,0.0,0.027343375608325005,5.975905418395996
654,655,1.2516999277067953e-06,0.01572270877659321,9.091558456420898
655,656,9.18958248803392e-05,0.0003329718019813299,12.662249565124512
656,657,8.940698137394065e-08,2.869330273824744e-06,14.737183570861816
657,658,8.642688271720544e-07,9.783547284314409e-06,15.414020538330078
658,659,3.278257736383239e-07,0.0014400554355233908,7.12687873840332
659,660,1.1324908655296895e-06,0.011263127438724041,9.021062850952148
660,661,7.77848981670104e-06,0.002167030004784465,19.909584045410156
661,662,1.6063966540968977e-05,0.0021755245979875326,15.241888999938965
662,663,0.0005280221230350435,0.0005281749763526022,17.286109924316406
663,664,0.003849173430353403,0.028463099151849747,12.469685554504395
664,665,2.384186927884002e-07,0.001092916470952332,12.786279678344727
665,666,9.238733582606073e-07,0.0001339339796686545,21.4515380859375
666,667,4.828289456781931e-05,0.029397595673799515,10.338201522827148
667,668,9.911073721013963e-05,0.011120128445327282,12.681001663208008
668,669,6.258565917960368e-06,0.010864967480301857,15.856884002685547
669,670,0.0848786011338234,0.08493093401193619,15.007458686828613
670,671,0.0060692960396409035,0.00942289549857378,20.479103088378906
671,672,0.0004413574642967433,0.057714834809303284,12.150714874267578
672,673,0.0010153829352930188,0.007857345044612885,13.874183654785156
673,674,2.983390550070908e-05,0.00040895078564062715,14.267083168029785
674,675,3.576281244477286e-07,0.07069343328475952,13.857858657836914
675,676,1.7881400538044545e-07,0.0018171395640820265,12.490560531616211
676,677,0.0,3.3844773650315574e-09,22.063949584960938
677,678,3.9521004509879276e-05,0.0018220252823084593,8.941657066345215
678,679,0.0011459407396614552,0.0022168406285345554,12.600461959838867
679,680,0.00040864042239263654,0.0024055640678852797,26.048688888549805
680,681,0.0016520096687600017,0.0018811671761795878,18.753530502319336
681,682,9.954169399861712e-06,0.004478223621845245,14.802967071533203
682,683,0.0,0.05383314564824104,7.769223213195801
683,684,0.0,0.032897211611270905,15.541346549987793
684,685,0.00046999898040667176,0.0004867449461016804,18.192081451416016
685,686,9.145964577328414e-05,0.00013277490506879985,15.833614349365234
686,687,5.066399921815901e-07,0.0019853205885738134,16.636699676513672
687,688,0.0,0.0002989309432450682,10.656167984008789
688,689,2.4051627406151965e-05,0.0036854951176792383,39.517433166503906
689,690,0.2977185547351837,0.2979336977005005,9.217615127563477
690,691,0.0,0.0012187871616333723,9.140562057495117
691,692,4.370892565930262e-05,0.0026622668374329805,15.42640495300293
692,693,4.798218924406683e-06,0.001061044167727232,10.23344612121582
693,694,7.450588555002469e-07,0.1756528615951538,9.830299377441406
694,695,0.009487570263445377,0.018197234719991684,14.92237663269043
695,696,0.0022753961384296417,0.061324767768383026,5.567574501037598
696,697,0.014245227910578251,0.014776590280234814,26.08401870727539
697,698,6.008479613228701e-05,0.00039020314579829574,26.492538452148438
698,699,0.0036377909127622843,0.003742420580238104,10.298362731933594
699,700,0.00795958936214447,0.008597344160079956,20.648475646972656
700,701,3.6568842915585265e-05,0.0004796380817424506,28.838104248046875
701,702,0.5628586411476135,0.570004940032959,31.687707901000977
702,703,0.022858379408717155,0.24767661094665527,7.450005531311035
703,704,0.010846552439033985,0.010869646444916725,11.770257949829102
704,705,1.800125028239563e-05,3.6705825328826904,5.708802223205566
705,706,2.5057458877563477,2.5767204761505127,15.781442642211914
706,707,2.2084463125793263e-05,29.56411361694336,0.0336906760931015
707,708,0.0033469097688794136,0.6542577147483826,14.105484008789062
708,709,1.49011640360186e-07,0.021663857623934746,6.30837345123291
709,710,0.006240247283130884,0.00845545344054699,8.225122451782227
710,711,5.960465188081798e-08,0.002763193566352129,14.687732696533203
711,712,0.02952311560511589,0.09368100762367249,3.073514223098755
712,713,4.961016384186223e-05,0.003680128138512373,7.9441986083984375
713,714,2.098152799590025e-05,0.0017404715763404965,9.980433464050293
714,715,0.0006581858033314347,0.023173639550805092,12.903623580932617
715,716,2.235184183518868e-06,0.002796364016830921,13.858881950378418
716,717,8.594543032813817e-05,0.00015598200843669474,10.232892036437988
717,718,0.00784010998904705,0.1867339015007019,15.883809089660645
718,719,0.06735449284315109,0.10159548372030258,22.113094329833984
719,720,2.126075029373169,2.131481170654297,11.185436248779297
720,721,0.5498993992805481,0.5525276064872742,10.773736953735352
721,722,4.427040100097656,4.505967140197754,19.603227615356445
722,723,3.725313263203134e-06,0.012565349228680134,10.352007865905762
723,724,0.019801244139671326,0.030549993738532066,22.88998794555664
724,725,0.08967649936676025,0.10171661525964737,13.175479888916016
725,726,0.0010025310330092907,0.0014947277959436178,16.688220977783203
726,727,0.074701227247715,0.17299866676330566,6.88693904876709
727,728,0.0014537503011524677,0.0014537626411765814,29.801612854003906
728,729,0.006337129510939121,0.006733856163918972,24.254819869995117
729,730,8.712677663424984e-05,0.002153757493942976,7.477895259857178
730,731,0.005232558585703373,0.00529915327206254,27.65528106689453
731,732,0.0005555981770157814,0.0006898047868162394,18.847370147705078
732,733,3.367674025867018e-06,0.14405453205108643,5.345218181610107
733,734,0.0009904649341478944,0.034650567919015884,17.69392204284668
734,735,0.0002286939270561561,0.0006730578606948256,14.113719940185547
735,736,0.00489849504083395,0.029175780713558197,8.799530029296875
736,737,0.003954416140913963,0.0072836000472307205,22.984317779541016
737,738,0.0019586437847465277,0.002049793489277363,9.756980895996094
738,739,1.8035218715667725,1.8050503730773926,10.502381324768066
739,740,4.1723285448824754e-07,0.07385379076004028,12.276840209960938
740,741,0.0042422497645020485,0.8445349335670471,10.63703441619873
741,742,0.0275774784386158,0.08005324006080627,6.817075729370117
742,743,0.0012630567653104663,0.08278079330921173,7.913997173309326
743,744,0.0004464300291147083,1.2729918956756592,14.845197677612305
744,745,0.16617633402347565,0.16618020832538605,18.015186309814453
745,746,9.153913561021909e-05,0.3910978138446808,10.92096996307373
746,747,6.363180000334978e-05,0.004949616733938456,8.512907028198242
747,748,0.00025056934100575745,0.00040015799459069967,12.410676002502441
748,749,1.50804225995671e-05,0.008990403264760971,12.743546485900879
749,750,0.001775241456925869,0.0017946434672921896,16.725149154663086
750,751,0.09348040819168091,0.09348735958337784,16.642959594726562
751,752,1.28016996383667,1.2826018333435059,20.769216537475586
752,753,0.0,0.0009842729195952415,10.795665740966797
753,754,2.9802333756379085e-07,0.00021025074238423258,11.753068923950195
754,755,1.204032014356926e-05,2.1894062228966504e-05,16.83160400390625
755,756,0.0003011366934515536,0.0014118344988673925,12.757820129394531
756,757,0.820706307888031,0.8210750818252563,16.218027114868164
757,758,0.0014556723181158304,2.071559190750122,15.773053169250488
758,759,1.221910679305438e-05,0.03710507974028587,11.135056495666504
759,760,0.00033461092971265316,0.0019670920446515083,21.941635131835938
760,761,0.003261313773691654,0.25320422649383545,7.833060264587402
761,762,8.344664479409403e-07,0.002439783653244376,13.882194519042969
762,763,0.6493318676948547,0.6568458676338196,6.518344402313232
763,764,0.04838047921657562,0.10844089090824127,21.465618133544922
764,765,0.024339161813259125,0.0701904147863388,27.290407180786133
765,766,4.077289850101806e-05,0.012431533075869083,20.63861083984375
766,767,0.0011765743838623166,0.0039766523987054825,15.224021911621094
767,768,0.0004635111545212567,0.05142705515027046,21.280376434326172
768,769,0.00585306016728282,0.008906489238142967,30.538482666015625
769,770,0.006732998415827751,0.012134192511439323,16.982070922851562
770,771,0.014426772482693195,0.0874706283211708,10.777091979980469
771,772,1.036589503288269,1.038033366203308,10.895358085632324
772,773,0.0003660018846858293,0.002669754670932889,14.582756042480469
773,774,0.00091836805222556,0.0788114070892334,21.605344772338867
774,775,0.11166581511497498,0.14238154888153076,11.763354301452637
775,776,6.586370545846876e-06,0.007856236770749092,9.023541450500488
776,777,8.940698137394065e-08,0.000734008674044162,30.503917694091797
777,778,0.00010747534543043002,0.0005917249945923686,20.628002166748047
778,779,0.00020379424677230418,25.03658676147461,2.5116751194000244
779,780,1.2666308066400234e-05,0.03105257637798786,9.06218433380127
780,781,0.04661900922656059,0.04684319719672203,23.19216537475586
781,782,3.97281110053882e-05,0.00011439730587881058,14.725105285644531
782,783,1.0477492809295654,1.2303155660629272,19.363496780395508
783,784,0.0003087339282501489,0.01364487037062645,10.951218605041504
784,785,2.294787464052206e-06,0.002673290902748704,25.385847091674805
785,786,1.1414534128562082e-05,0.0011711311526596546,12.433430671691895
786,787,0.015207280404865742,0.01568690873682499,15.445894241333008
787,788,2.443802486595814e-06,0.003475408535450697,26.91758918762207
788,789,0.000230776407988742,0.0003231984446756542,23.520893096923828
789,790,5.5432788030884694e-06,2.4667770862579346,9.980500221252441
790,791,0.4268706738948822,0.43034812808036804,31.315797805786133
791,792,1.820951911213342e-05,0.009416935965418816,16.590166091918945
792,793,0.0346357561647892,0.03877437859773636,11.27324104309082
793,794,0.03804007172584534,0.06828207522630692,20.34634780883789
794,795,0.0012178228935226798,0.00387185113504529,6.096621990203857
795,796,0.012193325906991959,0.027330398559570312,12.179178237915039
796,797,0.0008632753742858768,0.0019280336564406753,21.658958435058594
797,798,4.708791948360158e-06,0.010679884813725948,42.87132263183594
798,799,0.0020250899251550436,25.003087997436523,5.470568656921387
799,800,2.968465742014814e-05,0.00028199265943840146,9.866131782531738
800,801,0.002328138565644622,0.06269653886556625,10.898390769958496
801,802,7.447189273079857e-05,0.00010021512571256608,12.596899032592773
802,803,2.592916280264035e-05,0.037048906087875366,28.439926147460938
803,804,0.00014839752111583948,0.0005054188659414649,27.627704620361328
804,805,3.576280960260192e-07,0.0005368473939597607,21.871747970581055
805,806,0.0002175236732000485,0.0009225545218214393,9.06283187866211
806,807,0.0009697959758341312,0.017547551542520523,10.845746040344238
807,808,0.11319535225629807,0.22222182154655457,9.508468627929688
808,809,8.940712632465875e-07,0.11339949071407318,21.283098220825195
809,810,3.981907502748072e-05,0.0005066532758064568,14.744401931762695
810,811,0.000582532084081322,0.0009290481102652848,16.706951141357422
811,812,0.001326213008724153,0.0018118128646165133,19.619245529174805
812,813,1.844826874730643e-05,0.00016772831440903246,31.631099700927734
813,814,2.980232594040899e-08,0.0005928913597017527,27.880260467529297
814,815,3.2186701446335064e-06,0.2574637234210968,17.101234436035156
815,816,4.7088105930015445e-06,0.0002361558872507885,16.996665954589844
816,817,1.1027053915313445e-05,0.0007294465322047472,23.357872009277344
817,818,0.00016697670798748732,0.01020178385078907,15.212611198425293
818,819,0.00013648351887241006,0.0020859430078417063,9.457630157470703
819,820,0.06129283085465431,0.06212949752807617,12.183924674987793
820,821,1.5497626009164378e-05,0.0001289723441004753,17.76201820373535
821,822,0.005625526886433363,0.005742008797824383,19.40582847595215
822,823,8.493743735016324e-06,0.008900019340217113,9.03657054901123
823,824,0.00664092879742384,0.007402002811431885,11.65422248840332
824,825,0.0010814586421474814,0.0010880330810323358,19.452247619628906
825,826,0.0006211770814843476,0.0006884154863655567,15.689964294433594
826,827,0.0001267516054213047,0.004139475058764219,18.124549865722656
827,828,1.192095169244567e-06,0.0008393548196181655,9.535472869873047
828,829,0.0006539782625623047,0.003492180723696947,21.108205795288086
829,830,0.001170182367786765,0.001178242382593453,15.293582916259766
830,831,0.0005928744212724268,0.0006728519801981747,19.249366760253906
831,832,0.0012298703659325838,0.004092521965503693,24.510093688964844
832,833,2.1905661924392916e-05,0.0029516946524381638,16.606056213378906
833,834,3.609247141866945e-05,4.036349491798319e-05,25.874662399291992
834,835,2.0861634197899548e-07,0.0003417065890971571,16.277963638305664
835,836,3.27825716794905e-07,1.5309562513721175e-05,34.136741638183594
836,837,0.0006628168630413711,0.0007025155355222523,15.136704444885254
837,838,2.7956111807725392e-05,0.0007505335379391909,31.64275360107422
838,839,0.0009177050669677556,0.07065986096858978,5.695574760437012
839,840,0.02993336319923401,0.029959654435515404,11.286062240600586
840,841,5.96046959344676e-07,0.0040344190783798695,14.56357479095459
841,842,3.177027974743396e-05,0.012029954232275486,15.80894660949707
842,843,1.5110203094081953e-05,0.00015693828754592687,12.369303703308105
843,844,7.270894275279716e-05,0.0001916286419145763,11.004117012023926
844,845,0.000656869902741164,0.0008453325135633349,10.246671676635742
845,846,0.00011596505646593869,0.0007217712700366974,22.2093563079834
846,847,0.0004793893895111978,0.0005723529611714184,10.08740234375
847,848,0.00020936617511324584,0.00030172374681569636,14.26718807220459
848,849,1.8954982806462795e-05,0.00018352590268477798,11.296533584594727
849,850,0.008883927017450333,0.04097573086619377,5.582897663116455
850,851,3.993531208834611e-06,0.00024200584448408335,10.540340423583984
851,852,7.926717808004469e-05,0.00015962711768224835,11.684347152709961
852,853,0.0013153920881450176,0.0014342019567266107,22.71456527709961
853,854,4.7732544771861285e-05,0.00016174325719475746,11.028444290161133
854,855,0.00041544431587681174,0.00046396575635299087,11.108335494995117
855,856,2.6196819817414507e-05,0.005407979711890221,9.098114013671875
856,857,0.0025802820455282927,0.002624024171382189,11.874664306640625
857,858,3.299237141618505e-05,0.00022015630383975804,14.710050582885742
858,859,0.00038360970211215317,0.0004251010832376778,25.81641387939453
859,860,0.01164521835744381,0.011653827503323555,14.83885383605957
860,861,0.008497833274304867,0.01137141976505518,31.00029945373535
861,862,2.5839921363512985e-05,7.20855823601596e-05,24.40921974182129
862,863,3.144338552374393e-05,0.0007225543959066272,24.046876907348633
863,864,3.594297595554963e-05,0.00016066935495473444,22.018396377563477
864,865,5.960465188081798e-08,0.008482152596116066,29.281339645385742
865,866,0.0,3.1266761652659625e-05,30.22551918029785
866,867,0.1077689602971077,0.10914598405361176,30.49256134033203
867,868,1.6004156350390986e-05,1.9188753867638297e-05,29.03042984008789
868,869,0.00092388188932091,0.0020245336927473545,16.966388702392578
869,870,0.00010595480125630274,0.0037317676469683647,14.034704208374023
870,871,0.0033988843206316233,0.0034071472473442554,19.94213104248047
871,872,0.0004160562821198255,0.0012050176737830043,15.406521797180176
872,873,5.960470730315137e-07,0.00015718367649242282,15.821614265441895
873,874,0.0003224570245947689,0.004965093452483416,16.803157806396484
874,875,0.0028139331843703985,0.002837325679138303,13.666654586791992
875,876,0.00011340865603415295,0.0001970345329027623,33.0262451171875
876,877,0.0002653325500432402,0.0005522648571059108,21.850749969482422
877,878,0.0016042367788031697,0.0021929601207375526,23.252897262573242
878,879,0.06378710269927979,0.06438352912664413,14.893536567687988
879,880,5.960465188081798e-08,1.2482920510592521e-06,16.20611572265625
880,881,2.002763721975498e-05,2.2347243429976515e-05,17.070486068725586
881,882,1.3709101267522783e-06,0.002165417419746518,12.30653190612793
882,883,0.0,0.3728979229927063,11.19602108001709
883,884,0.0004386025248095393,0.007337647024542093,16.72956657409668
884,885,0.0,0.0011036916403099895,16.948047637939453
885,886,4.082949544681469e-06,0.0019519389607012272,31.51072120666504
886,887,0.0008381282677873969,0.001501582097262144,19.667985916137695
887,888,1.7881457097246312e-06,0.0002886192814912647,13.120104789733887
888,889,0.0030499552376568317,0.003260495141148567,11.420492172241211
889,890,2.7717696866602637e-05,0.00015051155060064048,16.11771583557129
890,891,0.0001237246033269912,0.00037342694122344255,13.573161125183105
891,892,0.0022100196219980717,0.0024708700366318226,14.878578186035156
892,893,5.35876679350622e-05,0.001058718073181808,18.61184310913086
893,894,2.3245909233082784e-06,0.0005842554965056479,20.821666717529297
894,895,0.001956700347363949,0.004029507748782635,21.726680755615234
895,896,0.0,4.577186336973682e-05,13.395929336547852
896,897,0.0002579230931587517,0.0036467257887125015,17.526506423950195
897,898,0.0006695404299534857,0.000713528657797724,17.417057037353516
898,899,0.00015532768156845123,0.0005269341054372489,29.381549835205078
899,900,0.00023959785175975412,0.00024044241581577808,22.86723518371582
900,901,1.4424589608097449e-05,0.00010799076699186116,19.47671890258789
901,902,5.364423714127042e-07,0.0001207517707371153,20.301437377929688
902,903,1.519922875559132e-06,1.5516498024226166e-05,25.796188354492188
903,904,0.03700992092490196,0.03795267269015312,22.825464248657227
904,905,8.732161404623184e-06,7.106516568455845e-05,37.73336410522461
905,906,1.141442589869257e-05,0.00019929889822378755,15.573227882385254
906,907,0.007965010590851307,0.008024049922823906,15.829876899719238
907,908,2.3245852389663924e-06,0.00036705093225464225,13.082071304321289
908,909,8.624144538771361e-05,0.10535162687301636,12.842217445373535
909,910,0.0846339613199234,0.08500540256500244,20.992265701293945
910,911,5.364423714127042e-07,3.326468504383229e-05,14.206814765930176
911,912,0.042208410799503326,0.04237645864486694,11.580265045166016
912,913,8.851445272739511e-06,0.11720749735832214,24.514862060546875
913,914,1.54976878548041e-05,0.0002734065055847168,12.104316711425781
914,915,1.7881438907352276e-06,0.0023575706873089075,19.65843391418457
915,916,1.1920931797249068e-07,0.00024979113368317485,15.263148307800293
916,917,8.108305337373167e-05,0.0003147027164231986,16.12183380126953
917,918,1.7881400538044545e-07,0.00047857873141765594,10.681252479553223
918,919,2.801426262522e-06,0.0402696430683136,11.579319953918457
919,920,0.0016185293206945062,0.0016619531670585275,11.941287994384766
920,921,0.03190889209508896,0.03192964568734169,13.926740646362305
921,922,2.980249973916216e-06,0.00014736756565980613,12.629622459411621
922,923,2.899923492805101e-05,3.071359606110491e-05,13.774032592773438
923,924,0.0009692723397165537,0.0009701195522211492,14.399652481079102
924,925,0.0013576758792623878,0.001390938414260745,11.21796989440918
925,926,1.7285386775256484e-06,4.388663001009263e-06,13.583578109741211
926,927,6.556515472766478e-07,0.0017136423848569393,17.04450225830078
927,928,0.003344225697219372,0.0034294903744012117,9.830245018005371
928,929,5.7816832850221545e-06,5.82176107855048e-06,30.163618087768555
929,930,0.0,3.471580203040503e-05,16.303661346435547
930,931,7.182454282883555e-06,2.71132212219527e-05,14.530755043029785
931,932,5.960465188081798e-08,0.00011399864888517186,12.071355819702148
932,933,2.0146999304415658e-05,8.865087875165045e-05,12.251955032348633
933,934,0.00023195933317765594,0.00041203779983334243,10.812536239624023
934,935,5.363503078115173e-05,0.0003858279378619045,13.595437049865723
935,936,3.397483396838652e-06,0.003918043337762356,33.868934631347656
936,937,0.0019002435728907585,0.0019022391643375158,16.67232894897461
937,938,3.9014015783322975e-05,4.2580046283546835e-05,15.864214897155762
938,939,1.0013749488280155e-05,1.2587483070092276e-05,15.879960060119629
939,940,6.556519451805798e-07,1.577934017404914e-05,14.777856826782227
940,941,1.2308511941228062e-05,1.4446006389334798e-05,13.194803237915039
941,942,1.1801997970906086e-05,5.909067840548232e-05,12.182136535644531
942,943,6.704915722366422e-05,7.335042027989402e-05,12.663196563720703
943,944,6.169154858071124e-06,0.00026809575501829386,9.91004753112793
944,945,0.0005810302100144327,0.0005837946082465351,12.911441802978516
945,946,0.005122451111674309,0.005357818212360144,9.754488945007324
946,947,7.1824629230832215e-06,1.3043314538663253e-05,14.999939918518066
947,948,2.980232594040899e-08,0.0003516686847433448,19.29977798461914
948,949,0.00012648323900066316,0.0001315976696787402,14.718118667602539
949,950,0.0,8.067660928645637e-06,11.800535202026367
950,951,1.847796193032991e-05,0.0011253393022343516,17.736417770385742
951,952,0.0018107723444700241,0.001815915573388338,15.53094482421875
952,953,3.27825716794905e-07,2.1567391740973108e-05,14.975052833557129
953,954,0.0,5.124729341332568e-06,14.342700958251953
954,955,5.960465188081798e-08,6.54378964100033e-05,12.14420223236084
955,956,4.315587648306973e-05,4.50238112534862e-05,13.576272964477539
956,957,1.6021004915237427,1.6021404266357422,14.451912879943848
957,958,2.0861634197899548e-07,8.48289200803265e-05,10.9636869430542
958,959,0.01025362778455019,0.010257460176944733,17.311054229736328
959,960,3.486896048343624e-06,6.508245860459283e-05,10.820932388305664
960,961,8.171416993718594e-05,0.0001628796017030254,11.673171997070312
961,962,0.0,9.997922461479902e-06,13.528061866760254
962,963,0.0,3.9679169276496395e-05,11.813004493713379
963,964,0.0,3.7308228684196365e-07,15.974374771118164
964,965,0.00025616271886974573,0.00025689307949505746,16.696388244628906
965,966,0.0,5.005110506317578e-05,12.50996208190918
966,967,0.0,0.0006264086114242673,11.732922554016113
967,968,0.00021701000514440238,0.0006813013460487127,20.709487915039062
968,969,4.768376129504759e-07,4.8609563236823305e-06,14.506975173950195
969,970,5.215433702687733e-06,3.533279232215136e-05,14.697416305541992
970,971,5.960465188081798e-08,0.0004177546361461282,14.643461227416992
971,972,2.980233944072097e-07,5.33852528405987e-07,15.542226791381836
972,973,0.0,1.7833508536568843e-07,16.432395935058594
973,974,6.7950209086120594e-06,7.59402882977156e-06,14.418935775756836
974,975,0.0,3.866198596824688e-07,15.376716613769531
975,976,8.970659109763801e-06,0.0005900929099880159,14.104146957397461
976,977,0.07000216841697693,0.07001689076423645,14.921106338500977
977,978,0.0,0.0043306052684783936,10.32495403289795
978,979,0.003425573231652379,0.38186129927635193,8.465498924255371
979,980,0.00300317769870162,0.0030031788628548384,28.273712158203125
980,981,0.04535069689154625,0.04546376317739487,23.70410919189453
981,982,0.00041463132947683334,0.008818903006613255,52.05261993408203
982,983,0.3517695367336273,0.37468770146369934,19.148298263549805
983,984,0.002760846633464098,0.0036144370678812265,53.200538635253906
984,985,0.0,0.0024790382012724876,37.20977020263672
985,986,0.0002166331687476486,0.0004105139523744583,69.08876037597656
986,987,0.00010066860704682767,0.035719599574804306,17.088626861572266
987,988,0.0014705592766404152,0.0014758332399651408,42.96364974975586
988,989,3.665709982669796e-06,1.7242313333554193e-05,21.703275680541992
989,990,0.009223934262990952,0.009854720905423164,30.454872131347656
990,991,0.002877007005736232,0.002894121687859297,50.72945785522461
991,992,0.005187878385186195,0.005195207428187132,52.1502571105957
992,993,0.0,0.002115285722538829,17.54779052734375
993,994,0.0005290587432682514,0.000637556950096041,42.49846267700195
994,995,0.0,0.00011760302004404366,37.82122039794922
995,996,0.0008868042496033013,0.047570861876010895,13.952845573425293
996,997,0.0,5.014148882764857e-06,51.90365982055664
997,998,0.0,4.9572896386962384e-05,25.10071563720703
998,999,1.490116545710407e-07,7.03253535903059e-05,46.49150466918945
999,1000,0.008570631965994835,0.008711340837180614,17.53085708618164
1000,1001,0.0007490073912777007,0.0007845509680919349,18.833736419677734
1001,1002,2.1309568182914518e-05,0.0008218468865379691,14.227875709533691
1002,1003,0.0004669165937229991,0.0005675171851180494,18.923574447631836
1003,1004,1.1920931797249068e-07,0.00013215435319580138,13.18602180480957
1004,1005,0.1419791579246521,0.1421060711145401,28.423263549804688
1005,1006,0.0001524251129012555,0.0044015320017933846,9.524885177612305
1006,1007,0.00035466888220980763,0.0012072947574779391,34.4156379699707
1007,1008,5.960465188081798e-08,7.780159648973495e-06,31.374814987182617
1008,1009,2.980232594040899e-08,0.0013637118972837925,8.512069702148438
1009,1010,0.0,0.0031242971308529377,11.078239440917969
1010,1011,0.0,0.02778620645403862,13.0316801071167
1011,1012,0.0,0.00012550015526358038,14.360838890075684
1012,1013,3.358940375619568e-05,0.011496815830469131,6.466702938079834
1013,1014,1.2531051635742188,1.2533221244812012,12.38841438293457
1014,1015,2.384186927884002e-07,0.008024758659303188,23.156339645385742
1015,1016,0.00019935154705308378,0.1169964075088501,15.094913482666016
1016,1017,0.0006616652244701982,0.015517499297857285,26.2711181640625
1017,1018,0.004734807647764683,0.04512486979365349,27.335966110229492
1018,1019,1.1563568477868102e-05,0.03403360769152641,27.483564376831055
1019,1020,4.244066076353192e-05,0.000908129324670881,31.302762985229492
1020,1021,0.0,7.529551658080891e-05,21.57016944885254
1021,1022,5.960465188081798e-08,7.501721120206639e-05,17.31873321533203
1022,1023,0.0019945972599089146,0.008329423144459724,28.610754013061523
1023,1024,0.0,0.0012538402806967497,31.60871696472168
1024,1025,4.768374424202193e-07,0.00042663919157348573,18.774991989135742
1025,1026,0.02721087448298931,0.08349768817424774,30.587129592895508
1026,1027,0.0026095332577824593,1.5914522409439087,12.775928497314453
1027,1028,0.0,0.0035691051743924618,5.9932661056518555
1028,1029,0.09583064168691635,0.2561892867088318,5.830261707305908
1029,1030,1.1235586498514749e-05,0.006429591216146946,28.650917053222656
1030,1031,1.6481228158227168e-05,0.003198628081008792,13.537027359008789
1031,1032,0.03319815173745155,0.03346262872219086,31.253646850585938
1032,1033,1.0788673534989357e-05,0.0003071650571655482,22.03034210205078
1033,1034,1.5795264971529832e-06,0.00029611430363729596,23.61330223083496
1034,1035,5.662446369569807e-07,8.2304650277365e-05,32.03927993774414
1035,1036,1.1920931797249068e-07,6.658339088971843e-07,38.4959716796875
1036,1037,9.613097063265741e-05,9.90951739368029e-05,24.47744369506836
1037,1038,0.0,4.493540836847387e-05,32.297935485839844
1038,1039,0.003335588611662388,0.010292531922459602,19.218046188354492
1039,1040,9.53675908021978e-07,9.115744614973664e-05,16.68172836303711
1040,1041,0.03921882063150406,0.040249817073345184,30.375032424926758
1041,1042,5.275065632304177e-06,6.033907084201928e-06,24.409072875976562
1042,1043,0.0,0.014871529303491116,10.11352825164795
1043,1044,1.1920950555577292e-06,0.00010739265417214483,33.084373474121094
1044,1045,3.367889439687133e-05,0.014174354262650013,13.976545333862305
1045,1046,5.960465188081798e-08,0.0007604986312799156,16.393299102783203
1046,1047,0.006470580585300922,0.006710306741297245,11.879091262817383
1047,1048,2.980232594040899e-08,1.2036598491249606e-06,13.68154525756836
1048,1049,0.004440478514879942,0.004445313010364771,13.567300796508789
1049,1050,0.02991541661322117,0.029992805793881416,11.579248428344727
1050,1051,7.15256760486227e-07,0.00035644820309244096,10.492488861083984
1051,1052,1.0103191016241908e-05,1.9068978872383013e-05,11.973369598388672
1052,1053,2.980232594040899e-08,1.2830564628529828e-06,16.546314239501953
1053,1054,0.0,0.0016677447129040956,8.224084854125977
1054,1055,5.960465188081798e-08,0.0002641377504914999,8.717418670654297
1055,1056,0.0005414951592683792,0.07021308690309525,4.485455513000488
1056,1057,0.0,1.6479951909786905e-06,15.529024124145508
1057,1058,0.0,8.104201697278768e-06,15.475637435913086
1058,1059,2.980232594040899e-08,3.373280924279243e-05,11.043403625488281
1059,1060,2.1457765342347557e-06,0.004059204366058111,16.230064392089844
1060,1061,1.0371350072091445e-05,4.117699063499458e-05,11.78017520904541
1061,1062,0.0,0.000304656132357195,10.63266372680664
1062,1063,1.7285373132835957e-06,0.00021192319400142878,16.43315315246582
1063,1064,0.0019370813388377428,0.00193715316709131,23.469501495361328
1064,1065,0.0,0.0007496005855500698,9.050004005432129
1065,1066,0.0,0.00047918391646817327,30.56776237487793
1066,1067,4.394738789414987e-05,0.0003352027270011604,21.625160217285156
1067,1068,6.258495091060468e-07,0.0005102994036860764,16.37144660949707
1068,1069,0.00017264504276681691,0.0005140495486557484,12.249855995178223
1069,1070,1.11463014036417e-05,0.0003011465596500784,9.348426818847656
1070,1071,4.502045703702606e-05,0.00018882052972912788,11.350189208984375
1071,1072,0.0,0.0004796501889359206,14.130354881286621
1072,1073,8.940698137394065e-08,8.471390174236149e-05,15.221593856811523
1073,1074,0.0004937598132528365,0.0008228128426708281,13.47285270690918
1074,1075,1.490116545710407e-07,0.0003557333257049322,30.742202758789062
1075,1076,0.0,2.224879835921456e-06,19.878843307495117
1076,1077,0.0,0.00024450651835650206,12.748579978942871
1077,1078,0.0,6.478785053332103e-06,13.184586524963379
1078,1079,5.066399921815901e-07,0.008220997639000416,29.443584442138672
1079,1080,4.250164784025401e-05,6.729751476086676e-05,10.687362670898438
1080,1081,6.457506970036775e-05,0.0010400487808510661,10.899238586425781
1081,1082,1.3262385436974e-05,0.0006262981914915144,15.29675006866455
1082,1083,0.0,0.004848177079111338,7.794477462768555
1083,1084,0.0010547355050221086,0.0011911774054169655,9.955902099609375
1084,1085,1.3411063264356926e-06,7.336109774769284e-06,12.565235137939453
1085,1086,0.0011006443528458476,0.0011842455714941025,18.704734802246094
1086,1087,0.00020391611906234175,0.00020790040434803814,13.778879165649414
1087,1088,1.7881400538044545e-07,0.00020827757543884218,10.230855941772461
1088,1089,0.0,6.702304381178692e-05,10.36552906036377
1089,1090,9.311979374615476e-05,0.00034837156999856234,8.352479934692383
1090,1091,0.004116679076105356,0.00585046736523509,13.664501190185547
1091,1092,2.980232594040899e-08,0.008156836032867432,19.901901245117188
1092,1093,2.980232594040899e-08,2.1317158825695515e-05,14.061180114746094
1093,1094,2.1159721654839814e-06,1.0958542588923592e-05,12.079666137695312
1094,1095,0.0,1.8198024918092415e-05,11.270827293395996
1095,1096,0.03939570114016533,0.03960676118731499,10.66153621673584
1096,1097,5.96675236010924e-05,0.0005981221911497414,9.722972869873047
1097,1098,0.0005063501885160804,0.005385241005569696,13.91848373413086
1098,1099,5.960465188081798e-08,0.0008944766595959663,18.187854766845703
1099,1100,0.00014289507817011327,0.0006586521049030125,9.61762809753418
1100,1101,1.4096895938564558e-05,3.0524177418556064e-05,11.396120071411133
1101,1102,8.046640118664072e-07,0.0002721390046644956,8.358766555786133
1102,1103,7.15256760486227e-07,3.603834193199873e-05,10.538148880004883
1103,1104,0.00021102954633533955,0.0003631443833000958,9.603921890258789
1104,1105,5.662447506438184e-07,0.001094121253117919,10.280176162719727
1105,1106,0.0,0.00045862921979278326,8.528217315673828
1106,1107,3.1888591820461443e-06,0.014656701125204563,9.862319946289062
1107,1108,0.000500957015901804,0.0009632559958845377,8.447473526000977
1108,1109,0.8291530013084412,0.830738365650177,7.237654685974121
1109,1110,0.0028080851770937443,0.021027637645602226,9.86460018157959
1110,1111,0.0,0.0005071632913313806,9.451675415039062
1111,1112,6.20410792180337e-05,0.0012167805107310414,10.778909683227539
1112,1113,0.0,0.0001588973682373762,9.36683464050293
1113,1114,4.002771675004624e-05,0.11441577970981598,18.53243064880371
1114,1115,0.0,0.11659906804561615,12.449857711791992
1115,1116,0.00023896482889540493,0.0002583072055131197,16.87832260131836
1116,1117,4.887628620053874e-06,1.92186616914114e-05,17.27191162109375
1117,1118,0.0,2.3059335944708437e-05,15.957850456237793
1118,1119,1.49011640360186e-07,0.001172110321931541,19.880664825439453
1119,1120,0.0010039822664111853,0.0017000968800857663,22.191783905029297
1120,1121,0.0002731384302023798,0.000550396740436554,17.256893157958984
1121,1122,2.980232594040899e-08,0.006864285096526146,23.85698127746582
1122,1123,8.940698137394065e-08,0.0016563262324780226,24.417394638061523
1123,1124,0.12538109719753265,0.1256362497806549,32.41022872924805
1124,1125,2.0027944628964178e-05,0.00037375037209130824,21.941574096679688
1125,1126,0.0,0.008457346819341183,28.462100982666016
1126,1127,0.010879384353756905,0.01098795048892498,35.57853698730469
1127,1128,3.576281244477286e-07,0.007021712139248848,30.192480087280273
1128,1129,3.129263404844096e-06,0.000545376620721072,23.19733428955078
1129,1130,5.960465188081798e-08,0.001760462298989296,29.617868423461914
1130,1131,0.0,1.4335903415485518e-06,19.71942138671875
1131,1132,0.0,1.2938749023305718e-06,13.80850601196289
1132,1133,0.0,0.0005197337595745921,10.002575874328613
1133,1134,7.4505919656076e-07,3.985598087310791,13.10666275024414
1134,1135,8.36094914120622e-05,50.02703094482422,1.5104339122772217
1135,1136,0.0,50.99816131591797,0.15542273223400116
1136,1137,5.060764312744141,55.06076431274414,50.0
1137,1138,0.0,75.0,25.0
1138,1139,2.049147129058838,102.04914855957031,0.0
1139,1140,0.0,100.0,0.0
1140,1141,0.0,100.0,0.0
1141,1142,0.0,100.0,0.0
1142,1143,0.0,100.0,0.0
1143,1144,0.0,100.0,0.0
1144,1145,0.0,100.0,0.0
1145,1146,0.0,100.0,0.0
1146,1147,0.0,100.0,0.0
1147,1148,0.0,100.0,0.0
1148,1149,0.0,100.0,0.0
1149,1150,0.0,100.0,0.0
1150,1151,0.0,100.0,0.0
1151,1152,0.0,100.0,0.0
1152,1153,0.0,100.0,0.0
1153,1154,0.0,100.0,0.0
1154,1155,0.0,100.0,0.0
1155,1156,0.0,100.0,0.0
1156,1157,0.0,100.0,0.0
1157,1158,0.0,100.0,0.0
1158,1159,0.0,100.0,0.0
1159,1160,0.0,100.0,0.0
1160,1161,0.0,100.0,0.0
1161,1162,0.0,100.0,0.0
1162,1163,0.0,100.0,0.0
1163,1164,0.0,100.0,0.0
1164,1165,0.0,100.0,0.0
1165,1166,0.0,100.0,0.0
1166,1167,0.0,100.0,0.0
1167,1168,0.0,100.0,0.0
1168,1169,0.0,100.0,0.0
1169,1170,0.0,100.0,0.0
1170,1171,0.0,100.0,0.0
1171,1172,0.0,100.0,0.0
1172,1173,0.0,100.0,0.0
1173,1174,0.0,100.0,0.0
1174,1175,0.0,100.0,0.0
1175,1176,0.0,100.0,0.0
1176,1177,0.0,100.0,0.0
1177,1178,0.0,100.0,0.0
1178,1179,0.0,100.0,0.0
1179,1180,0.0,100.0,0.0
1180,1181,0.0,100.0,0.0
1181,1182,0.0,100.0,0.0
1182,1183,0.0,100.0,0.0
1183,1184,0.0,100.0,0.0
1184,1185,0.0,100.0,0.0
1185,1186,0.0,100.0,0.0
1186,1187,0.0,100.0,0.0
1187,1188,0.0,100.0,0.0
1188,1189,0.0,100.0,0.0
1189,1190,0.0,100.0,0.0
1190,1191,0.0,100.0,0.0
1191,1192,0.0,100.0,0.0
1192,1193,0.0,100.0,0.0
1193,1194,0.0,100.0,0.0
1194,1195,0.0,100.0,0.0
1195,1196,0.0,100.0,0.0
1196,1197,0.0,100.0,0.0
1197,1198,0.0,100.0,0.0
1198,1199,0.0,100.0,0.0
1199,1200,0.0,100.0,0.0
1200,1201,0.0,100.0,0.0
1201,1202,0.0,100.0,0.0
1202,1203,0.0,100.0,0.0
1203,1204,0.0,100.0,0.0
1204,1205,0.0,100.0,0.0
1205,1206,0.0,100.0,0.0
1206,1207,0.0,100.0,0.0
1207,1208,0.0,100.0,0.0
1208,1209,0.0,100.0,0.0
1209,1210,0.0,100.0,0.0
1210,1211,0.0,100.0,0.0
1211,1212,0.0,100.0,0.0
1212,1213,0.0,100.0,0.0
1213,1214,5.864853858947754,11.557974815368652,36.5634651184082
1214,1215,75.0,100.0,75.0
1215,1216,75.0,125.0,50.0
1216,1217,50.0,50.0,93.3092269897461
1217,1218,50.0,100.0,50.0
1218,1219,25.010244369506836,25.010244369506836,96.2142333984375
1219,1220,75.0,125.0,50.0
1220,1221,52.79098129272461,102.79098510742188,50.0
1221,1222,35.90440368652344,110.90440368652344,25.0
1222,1223,75.0,127.84712219238281,25.000001907348633
1223,1224,75.0,125.0,50.0
1224,1225,34.77039337158203,59.77039337158203,70.68009185791016
1225,1226,50.0,100.0,50.0
1226,1227,25.0,75.0,43.14679718017578
1227,1228,0.0,100.0,0.0
1228,1229,0.0,100.0,0.0
1229,1230,0.0,100.0,0.0
1230,1231,0.0,100.0,0.0
1231,1232,0.0,100.0,0.0
1232,1233,0.0,75.00154876708984,1.2722257375717163
1233,1234,1.1920957376787555e-06,100.0,0.0
1234,1235,0.0,100.0,0.0
1235,1236,0.0,100.0,0.0
1236,1237,0.0,100.0,0.0
1237,1238,0.0,100.0,0.0
1238,1239,0.0,100.0,0.0
1239,1240,0.0038318438455462456,100.00382995605469,0.0
1240,1241,0.0,100.0,0.0
1241,1242,0.0,100.0,0.0
1242,1243,18.59160041809082,43.59159851074219,40.29798126220703
1243,1244,50.000343322753906,100.0003433227539,50.0
1244,1245,0.0,100.0,0.0
1245,1246,0.0,55.117271423339844,6.016290353727527e-05
1246,1247,0.0,100.0,0.0
1247,1248,0.0,100.0,0.0
1248,1249,0.0,56.23783874511719,1.937154820552678e-06
1249,1250,0.0,78.985595703125,2.980232594040899e-08
1250,1251,0.0,100.0,0.0
1251,1252,0.0,56.9693603515625,1.6689353969923104e-06
1252,1253,0.0,75.00006866455078,2.050407886505127
1253,1254,0.0,50.363136291503906,0.33514145016670227
1254,1255,0.357404500246048,50.69681167602539,0.35387536883354187
1255,1256,0.16796275973320007,50.3399658203125,0.6172152161598206
1256,1257,0.4229409694671631,50.54850769042969,0.7573704123497009
1257,1258,0.6237030029296875,50.774574279785156,0.6800158619880676
1258,1259,0.07706313580274582,50.243465423583984,0.7984458208084106
1259,1260,0.026169152930378914,50.88117218017578,0.09984029829502106
1260,1261,0.0005458587547764182,50.099239349365234,0.9335246682167053
1261,1262,0.09569697827100754,100.09569549560547,0.0
1262,1263,0.5853472948074341,26.18377113342285,0.5302022695541382
1263,1264,0.33181145787239075,50.448509216308594,0.7848891615867615
1264,1265,0.2867355942726135,25.718929290771484,0.9370650053024292
1265,1266,0.21420933306217194,25.587791442871094,0.8278995752334595
1266,1267,1.055968999862671,76.05902099609375,1.103121042251587
1267,1268,0.16365952789783478,25.522356033325195,0.7414871454238892
1268,1269,0.006350705865770578,75.02479553222656,0.6607812643051147
1269,1270,8.940712632465875e-07,52.508575439453125,0.005581641104072332
1270,1271,0.2868223190307617,50.33889389038086,1.1586374044418335
1271,1272,0.11040477454662323,75.1366958618164,0.5760884881019592
1272,1273,1.3604999780654907,76.38996124267578,0.5491514205932617
1273,1274,0.430396169424057,25.831989288330078,0.7578353881835938
1274,1275,0.3552634119987488,28.073989868164062,0.10857932269573212
1275,1276,0.30417710542678833,75.3216323852539,0.6741344332695007
1276,1277,0.019056562334299088,25.275907516479492,0.9335291981697083
1277,1278,0.8848845362663269,26.053274154663086,1.205453634262085
1278,1279,0.22871863842010498,25.4752254486084,0.9816768169403076
1279,1280,0.19250869750976562,50.23568344116211,1.259305477142334
1280,1281,0.001984599744901061,50.0677604675293,1.0467758178710938
1281,1282,0.00915807206183672,53.606719970703125,0.7219963669776917
1282,1283,0.5713070034980774,2.3062033653259277,1.086466670036316
1283,1284,0.5824791789054871,1.197157621383667,0.99842768907547
1284,1285,1.0720455646514893,3.763033628463745,0.41575878858566284
1285,1286,0.7002073526382446,1.3448086977005005,0.7441704869270325
1286,1287,0.4258308410644531,0.9609717130661011,0.9236879944801331
1287,1288,0.7647464275360107,1.3289830684661865,0.8773503303527832
1288,1289,0.6964383125305176,1.1798053979873657,2.1828203201293945
1289,1290,0.47874969244003296,0.8012838959693909,1.7844221591949463
1290,1291,0.37256133556365967,0.7329645156860352,1.6777489185333252
1291,1292,0.18918146193027496,0.763427734375,5.579411506652832
1292,1293,0.37313929200172424,1.7224034070968628,0.566491425037384
1293,1294,0.2042488008737564,0.5695087909698486,1.6677428483963013
1294,1295,0.3774903416633606,0.716048002243042,2.029442071914673
1295,1296,0.3771231770515442,0.5993563532829285,2.103740692138672
1296,1297,0.2636445164680481,0.9138707518577576,2.067460060119629
1297,1298,0.1984303742647171,0.9470188021659851,1.0093793869018555
1298,1299,0.5666468143463135,0.8516122102737427,1.6004005670547485
1299,1300,0.43717455863952637,0.8749300837516785,1.1637532711029053
1300,1301,1.5016064643859863,1.787867784500122,1.756691336631775
1301,1302,0.3968904912471771,0.7483856678009033,1.8514695167541504
1302,1303,0.20939837396144867,1.537850022315979,25.236555099487305
1303,1304,0.4249480366706848,0.7623846530914307,1.4948551654815674
1304,1305,0.5604903697967529,0.8287129402160645,1.780739188194275
1305,1306,0.4031691551208496,0.6050218343734741,4.039457321166992
1306,1307,0.5335358381271362,1.0197081565856934,1.9966919422149658
1307,1308,0.7862695455551147,0.9724047183990479,2.8122565746307373
1308,1309,0.45402422547340393,1.302914023399353,1.363297462463379
1309,1310,0.5699031352996826,2.623990297317505,2.5159900188446045
1310,1311,0.6494107246398926,1.028655767440796,1.976918339729309
1311,1312,0.5566825866699219,1.5915348529815674,0.5180346369743347
1312,1313,0.6029922962188721,0.9928590059280396,1.3089382648468018
1313,1314,0.7841892838478088,1.0613195896148682,1.8945146799087524
1314,1315,0.6213298439979553,1.0048437118530273,1.496504306793213
1315,1316,0.3980909287929535,0.676895022392273,2.1388978958129883
1316,1317,0.8098423480987549,1.1262913942337036,2.1779799461364746
1317,1318,0.6866645812988281,1.0971832275390625,1.5307297706604004
1318,1319,0.3063446879386902,0.7435783743858337,1.5004761219024658
1319,1320,0.35738348960876465,0.8297078609466553,1.4110651016235352
1320,1321,2.338003635406494,2.6075987815856934,1.9900038242340088
1321,1322,0.6015781164169312,1.09027099609375,6.408689498901367
1322,1323,0.34224504232406616,0.6938908100128174,3.1046533584594727
1323,1324,0.49467670917510986,0.5150210857391357,6.6577911376953125
1324,1325,1.1684198379516602,1.4976027011871338,3.4074654579162598
1325,1326,0.20451593399047852,0.3796180486679077,3.923525333404541
1326,1327,0.23008272051811218,0.7264958620071411,1.458979845046997
1327,1328,0.38310885429382324,1.5624399185180664,1.1820964813232422
1328,1329,4.349297046661377,4.872657775878906,0.9687798619270325
1329,1330,0.6056116819381714,1.661765217781067,0.7611197233200073
1330,1331,0.9688754081726074,1.6217553615570068,0.7351040840148926
1331,1332,0.5607609152793884,0.9156914949417114,3.3459572792053223
1332,1333,0.6311116218566895,1.1969358921051025,1.8024654388427734
1333,1334,0.4842933416366577,0.6533926725387573,3.890796661376953
1334,1335,0.5700557231903076,0.8414125442504883,1.7607616186141968
1335,1336,0.5886514782905579,1.2717742919921875,1.127541184425354
1336,1337,0.36899617314338684,1.2251325845718384,0.5913050770759583
1337,1338,1.7683444023132324,2.3466739654541016,0.8543702363967896
1338,1339,0.4712737798690796,0.9795277118682861,1.0647975206375122
1339,1340,0.42881661653518677,1.0925660133361816,1.5776140689849854
1340,1341,0.6965798139572144,1.1382694244384766,1.8292431831359863
1341,1342,0.48892807960510254,0.9870302677154541,1.430908203125
1342,1343,0.8181575536727905,1.3053261041641235,1.018233060836792
1343,1344,0.3787202835083008,0.6144309639930725,2.2137842178344727
1344,1345,0.5579149127006531,1.0857973098754883,0.9652184247970581
1345,1346,1.2791502475738525,1.660356879234314,1.5527524948120117
1346,1347,0.6398830413818359,0.9889988899230957,1.9963734149932861
1347,1348,0.4252990186214447,0.9518022537231445,1.0561867952346802
1348,1349,0.5859616994857788,1.0771433115005493,2.5088937282562256
1349,1350,0.4345785975456238,1.0039823055267334,2.2378835678100586
1350,1351,0.499846875667572,0.9230697154998779,1.5977425575256348
1351,1352,0.40044695138931274,0.7304980754852295,3.0361180305480957
1352,1353,0.549716591835022,0.8794997930526733,3.074406623840332
1353,1354,0.23287835717201233,0.710157036781311,4.844653129577637
1354,1355,0.5719875693321228,1.0887763500213623,1.0214345455169678
1355,1356,0.5493546724319458,1.2676568031311035,1.6626403331756592
1356,1357,1.578660011291504,1.9065287113189697,5.083807468414307
1357,1358,0.5698326826095581,1.485552191734314,0.5995405912399292
1358,1359,0.558473527431488,0.8927755355834961,2.5503902435302734
1359,1360,0.4293759763240814,0.9415034055709839,0.9757624864578247
1360,1361,1.9242444038391113,2.147895336151123,2.590034008026123
1361,1362,0.45370298624038696,0.7856753468513489,3.3035783767700195
1362,1363,0.9648560285568237,1.255263328552246,2.44313645362854
1363,1364,1.2144469022750854,1.5430675745010376,6.706226348876953
1364,1365,0.5776532888412476,0.8538023829460144,2.118925094604492
1365,1366,0.5926535725593567,0.9278538227081299,2.872384548187256
1366,1367,0.6243711709976196,0.9819058179855347,2.2600553035736084
1367,1368,0.3748995065689087,0.7012466192245483,3.3029675483703613
1368,1369,0.4372408986091614,0.7517366409301758,1.823447346687317
1369,1370,0.6475306153297424,0.9786277413368225,4.414422035217285
1370,1371,0.5602595806121826,1.0753378868103027,1.1710584163665771
1371,1372,0.3652249574661255,0.5799007415771484,3.0719475746154785
1372,1373,0.2800624370574951,0.6210448741912842,2.2685623168945312
1373,1374,0.5678325891494751,0.7956666350364685,3.706542491912842
1374,1375,0.6943356394767761,1.1885967254638672,2.7359368801116943
1375,1376,0.4737989604473114,0.912097156047821,1.3365681171417236
1376,1377,0.3647766411304474,0.5337398052215576,5.259982585906982
1377,1378,0.36667370796203613,0.7514435052871704,3.8809847831726074
1378,1379,0.18764959275722504,0.682040810585022,3.054023265838623
1379,1380,0.40368983149528503,0.573086142539978,4.474687099456787
1380,1381,0.37195661664009094,0.7439784407615662,1.8267829418182373
1381,1382,0.7756341099739075,1.1113892793655396,3.5103464126586914
1382,1383,0.4757465720176697,0.8216786980628967,2.119307279586792
1383,1384,0.41384515166282654,0.7522201538085938,2.4371676445007324
1384,1385,0.5790216326713562,0.8450045585632324,3.2181527614593506
1385,1386,0.38237521052360535,0.8773671388626099,2.290342330932617
1386,1387,0.19302289187908173,0.6763225197792053,2.062565565109253
1387,1388,0.4161578118801117,0.6020578742027283,2.8975300788879395
1388,1389,0.3956339955329895,0.8905655145645142,3.3769609928131104
1389,1390,0.21146108210086823,0.7063760757446289,3.149482250213623
1390,1391,0.44500333070755005,0.7549043893814087,4.708223819732666
1391,1392,0.6246120929718018,1.1352487802505493,1.2469890117645264
1392,1393,0.6021430492401123,1.123460054397583,1.1205960512161255
1393,1394,0.9704068303108215,1.4369480609893799,2.763701915740967
1394,1395,0.4018920063972473,2.8390021324157715,0.5453633069992065
1395,1396,0.726636528968811,1.3873796463012695,0.726636528968811
1396,1397,0.7264423966407776,1.8697621822357178,0.5643173456192017
1397,1398,0.5998806953430176,1.260798454284668,0.7264499664306641
1398,1399,0.7264717817306519,1.387369155883789,0.7264717817306519
1399,1400,0.7264235019683838,1.3873660564422607,0.7264235019683838
1400,1401,0.6975336670875549,1.3585009574890137,0.7263971567153931
1401,1402,0.7264137864112854,1.0390467643737793,1.7303078174591064
1402,1403,0.7261390686035156,1.3305273056030273,0.8025215864181519
1403,1404,0.7548826932907104,1.0636277198791504,2.893018960952759
1404,1405,0.7255392074584961,1.2921874523162842,0.8955931663513184
1405,1406,0.5099427103996277,1.0359673500061035,1.091867446899414
1406,1407,0.4668732285499573,1.9151649475097656,0.3517565131187439
1407,1408,0.7259937524795532,1.1959820985794067,1.1999881267547607
1408,1409,0.6748000979423523,1.3736927509307861,0.6913149952888489
1409,1410,0.5244235992431641,1.181504726409912,0.7306219339370728
1410,1411,0.42234495282173157,1.083391547203064,0.7263124585151672
1411,1412,0.5972684025764465,1.1934716701507568,0.8210707902908325
1412,1413,0.5828520059585571,1.2754461765289307,0.6966333985328674
1413,1414,0.6643234491348267,1.3245599269866943,0.7271780371665955
1414,1415,0.7273595929145813,1.3874262571334839,0.7273595929145813
1415,1416,0.727479100227356,1.3874340057373047,0.727479100227356
1416,1417,0.5504622459411621,1.0724599361419678,1.1144306659698486
1417,1418,0.4287833571434021,1.0884214639663696,0.7278181314468384
1418,1419,0.7026772499084473,1.3619513511657715,0.7282079458236694
1419,1420,0.7284475564956665,1.387498140335083,0.7284475564956665
1420,1421,0.7286453247070312,1.3875114917755127,0.7286453247070312
1421,1422,0.5544659495353699,1.2131620645523071,0.7288276553153992
1422,1423,0.38540077209472656,1.043820858001709,0.7291238307952881
1423,1424,0.6070656180381775,1.2650978565216064,0.729540228843689
1424,1425,0.4129123091697693,1.0706079006195068,0.7299020290374756
1425,1426,0.4932047724723816,1.1504616737365723,0.7303736805915833
1426,1427,0.5580931901931763,1.8959590196609497,0.5568438768386841
1427,1428,0.731352686882019,1.3877004384994507,0.731352686882019
1428,1429,0.7314690351486206,1.3877089023590088,0.7314690351486206
1429,1430,0.5568570494651794,1.2130038738250732,0.7315692901611328
1430,1431,0.5497117638587952,1.2056326866149902,0.7318128943443298
1431,1432,0.8619778752326965,1.5176620483398438,0.7320684790611267
1432,1433,0.41927623748779297,1.9328535795211792,0.5534466505050659
1433,1434,0.24235743284225464,1.0127456188201904,0.6487756967544556
1434,1435,0.7334191203117371,1.3878536224365234,0.7334191203117371
1435,1436,0.7336393594741821,1.3578109741210938,0.7708584070205688
1436,1437,0.6899986267089844,1.3872175216674805,0.6942179203033447
1437,1438,0.5836282968521118,2.1355409622192383,0.4221033453941345
1438,1439,0.5581583976745605,1.211388349533081,0.7347242832183838
1439,1440,0.5559189319610596,1.208836555480957,0.7350631952285767
1440,1441,0.5528762340545654,1.2055106163024902,0.7353708148002625
1441,1442,0.5577766299247742,1.2100274562835693,0.7357876896858215
1442,1443,0.5527017712593079,1.2046623229980469,0.736103355884552
1443,1444,0.5482003688812256,1.1998612880706787,0.7364293336868286
1444,1445,0.6276031732559204,1.9715107679367065,0.5609105825424194
1445,1446,0.4777202904224396,1.1953825950622559,0.6803616285324097
1446,1447,0.5534136295318604,1.204021692276001,0.7375765442848206
1447,1448,0.7379261255264282,1.388213872909546,0.7379261255264282
1448,1449,0.6657193899154663,1.31574547290802,0.7382118701934814
1449,1450,0.5569199323654175,1.2067170143127441,0.7384620308876038
1450,1451,0.4139028489589691,1.063370943069458,0.7388216853141785
1451,1452,0.5577977895736694,1.2067170143127441,0.739422082901001
1452,1453,0.4558389186859131,1.104445457458496,0.7397646307945251
1453,1454,0.5063928961753845,1.154653787612915,0.7401432991027832
1454,1455,0.4987982511520386,1.1467230319976807,0.7405118942260742
1455,1456,0.5804823637008667,1.2279770374298096,0.7409839034080505
1456,1457,0.37273451685905457,1.6004407405853271,0.56917405128479
1457,1458,0.42445439100265503,1.0710253715515137,0.7419991493225098
1458,1459,0.6700200438499451,1.5163264274597168,0.5911053419113159
1459,1460,0.37320801615715027,1.018937110900879,0.7429261207580566
1460,1461,0.6590977311134338,1.3042974472045898,0.743509829044342
1461,1462,0.5597794055938721,1.2045378684997559,0.7439969182014465
1462,1463,0.5632257461547852,1.2252181768417358,0.7263106107711792
1463,1464,0.4039314389228821,1.0476458072662354,0.7451513409614563
1464,1465,0.475665807723999,1.1187864542007446,0.7458087801933289
1465,1466,0.7462486028671265,1.388972520828247,0.7462486028671265
1466,1467,0.5653897523880005,1.2079588174819946,0.7464203834533691
1467,1468,0.5631906390190125,1.098165512084961,0.9727418422698975
1468,1469,0.5625951886177063,1.2046115398406982,0.7470338344573975
1469,1470,0.569373369216919,1.2110772132873535,0.7473810911178589
1470,1471,0.5303277373313904,1.1716898679733276,0.747761070728302
1471,1472,0.5616897344589233,1.2025220394134521,0.7483507990837097
1472,1473,0.6153614521026611,1.2558202743530273,0.7487667798995972
1473,1474,0.44528353214263916,1.0853891372680664,0.7491604089736938
1474,1475,0.4808056652545929,1.4434988498687744,0.601369321346283
1475,1476,0.5467632412910461,1.2055954933166504,0.7299166917800903
1476,1477,0.519742488861084,1.1688545942306519,0.7395708560943604
1477,1478,0.25857284665107727,0.8968684673309326,0.7511829733848572
1478,1479,0.5646774768829346,1.2022500038146973,0.7519931197166443
1479,1480,0.5676295757293701,1.2824201583862305,0.6777351498603821
1480,1481,0.5008201003074646,1.137448787689209,0.7530523538589478
1481,1482,0.3923570513725281,1.0666751861572266,0.7166345119476318
1482,1483,0.5745086669921875,1.2101999521255493,0.7541065812110901
1483,1484,0.570439338684082,1.2056165933609009,0.7546855807304382
1484,1485,0.5686789751052856,1.2034047842025757,0.7551945447921753
1485,1486,0.5323433876037598,1.1665642261505127,0.7557645440101624
1486,1487,0.31450679898262024,0.948148250579834,0.7564190626144409
1487,1488,0.7572876214981079,1.3901615142822266,0.7572876214981079
1488,1489,0.23308530449867249,0.8655655384063721,0.7577337026596069
1489,1490,0.35488587617874146,0.9866228103637695,0.7585768103599548
1490,1491,0.5873667001724243,1.2184544801712036,0.7593142986297607
1491,1492,0.4120945930480957,1.0426990985870361,0.7598639130592346
1492,1493,0.3844747543334961,0.9580766558647156,0.8455994129180908
1493,1494,0.39331090450286865,1.022813320159912,0.7611196637153625
1494,1495,0.38117796182632446,1.0100970268249512,0.7617855072021484
1495,1496,0.5853738188743591,1.2136526107788086,0.7625172138214111
1496,1497,0.22380879521369934,1.1724393367767334,0.6123782396316528
1497,1498,0.5872979164123535,1.2142375707626343,0.7640509009361267
1498,1499,0.5773111581802368,1.7814817428588867,0.5871237516403198
1499,1500,0.42786905169487,0.9217789769172668,1.167055368423462
